,	PUNCT	9291
be	VERB	5859
.	PUNCT	5083
the	DET	4336
of	ADP	3625
and	CONJ	3584
"	PUNCT	3536
to	PART	2541
have	VERB	2338
	SPACE	2108
i	PRON	2071
a	DET	1940
in	ADP	1854
she	PRON	1709
to	ADP	1623
not	ADV	1553
it	PRON	1532
;	PUNCT	1518
her	ADJ	1513
you	PRON	1360
he	PRON	1338
his	ADJ	1270
that	ADP	1118
for	ADP	1056
with	ADP	1052
but	CONJ	980
as	ADP	960
do	VERB	824
mr.	PROPN	780
him	PRON	765
at	ADP	748
my	ADJ	722
her	PRON	717
on	ADP	674
's	PART	651
--	PUNCT	631
by	ADP	631
elizabeth	PROPN	630
say	VERB	610
they	PRON	601
so	ADV	568
which	ADJ	543
could	VERB	522
!	PUNCT	498
from	ADP	495
would	VERB	471
your	ADJ	466
very	ADV	463
what	NOUN	460
me	PRON	450
this	DET	449
?	PUNCT	444
their	ADJ	443
them	PRON	434
darcy	PROPN	417
will	VERB	407
no	DET	396
may	VERB	391
such	ADJ	389
know	VERB	386
any	DET	384
when	ADV	371
an	DET	368
there	ADV	354
if	ADP	350
mrs.	PROPN	343
all	DET	337
make	VERB	333
think	VERB	330
can	VERB	325
bennet	PROPN	325
must	VERB	308
bingley	PROPN	306
or	CONJ	297
jane	PROPN	294
sister	NOUN	294
that	DET	293
go	VERB	291
see	VERB	288
who	NOUN	283
than	ADP	283
miss	PROPN	281
every	DET	280
give	VERB	265
come	VERB	258
we	PRON	254
should	VERB	252
-	PUNCT	239
one	NUM	233
how	ADV	232
herself	PRON	227
as	ADV	226
time	NOUN	222
never	ADV	221
soon	ADV	217
now	ADV	211
other	ADJ	211
some	DET	209
all	ADJ	200
after	ADP	196
wickham	PROPN	194
only	ADV	192
good	ADJ	191
thing	NOUN	190
take	VERB	188
great	ADJ	186
man	NOUN	183
own	ADJ	180
little	ADJ	179
nothing	NOUN	179
collins	PROPN	178
well	ADV	178
much	ADV	178
more	ADV	178
though	ADP	177
again	ADV	177
that	ADJ	177
day	NOUN	176
then	ADV	175
hear	VERB	173
young	ADJ	172
lydia	PROPN	171
without	ADP	170
friend	NOUN	167
shall	VERB	163
most	ADV	163
before	ADP	160
family	NOUN	160
room	NOUN	159
feel	VERB	157
speak	VERB	155
much	ADJ	150
tell	VERB	149
look	VERB	149
more	ADJ	144
into	ADP	142
manner	NOUN	142
too	ADV	141
find	VERB	139
believe	VERB	138
mother	NOUN	137
lady	PROPN	137
two	NUM	135
ever	ADV	135
father	NOUN	135
however	ADV	134
daughter	NOUN	134
letter	NOUN	132
leave	VERB	131
dear	ADJ	129
himself	PRON	127
wish	VERB	127
catherine	PROPN	127
lady	NOUN	127
us	PRON	124
always	ADV	120
many	ADJ	120
way	NOUN	111
reply	VERB	110
away	ADV	109
marry	VERB	108
feeling	NOUN	108
receive	VERB	108
seem	VERB	106
its	ADJ	105
house	NOUN	104
talk	VERB	103
sure	ADJ	103
saw	VERB	102
up	PART	101
pleasure	NOUN	99
last	ADJ	98
about	ADP	96
attention	NOUN	96
myself	PRON	96
indeed	ADV	96
lizzy	PROPN	96
oh	INTJ	95
happy	ADJ	95
gardiner	PROPN	94
subject	NOUN	94
till	ADP	94
cry	VERB	94
where	ADV	93
all	ADV	91
add	VERB	91
first	ADJ	90
hope	VERB	90
walk	VERB	89
often	ADV	89
really	ADV	89
pass	VERB	87
quite	ADV	86
suppose	VERB	86
ask	VERB	86
aunt	NOUN	85
write	VERB	85
charlotte	PROPN	85
get	VERB	85
expect	VERB	84
whom	NOUN	84
longbourn	PROPN	84
girl	NOUN	83
out	PART	82
even	ADV	82
moment	NOUN	82
woman	NOUN	82
gentleman	NOUN	81
morning	NOUN	81
begin	VERB	81
let	VERB	80
word	NOUN	79
brother	NOUN	79
call	VERB	79
meet	VERB	78
evening	NOUN	78
return	VERB	77
perhaps	ADV	77
yes	INTJ	76
our	ADJ	75
therefore	ADV	75
opinion	NOUN	75
love	NOUN	75
place	NOUN	74
still	ADV	74
nor	CONJ	74
uncle	NOUN	73
like	VERB	73
something	NOUN	73
sit	VERB	73
certainly	ADV	72
netherfield	PROPN	72
kitty	PROPN	72
happiness	NOUN	72
few	ADJ	71
just	ADV	71
appear	VERB	71
long	ADV	71
here	ADV	71
consider	VERB	71
while	ADP	70
lucas	PROPN	70
assure	VERB	70
these	DET	70
upon	ADP	69
sir	PROPN	69
party	NOUN	69
towards	ADP	69
bring	VERB	68
eye	NOUN	68
before	ADV	68
mean	VERB	68
same	ADJ	68
marriage	NOUN	67
character	NOUN	67
world	NOUN	66
town	NOUN	66
allow	VERB	65
follow	VERB	65
together	ADV	65
hour	NOUN	65
year	NOUN	65
want	VERB	65
each	DET	64
between	ADP	63
part	NOUN	63
acquaintance	NOUN	63
enough	ADV	63
conversation	NOUN	62
turn	VERB	62
affection	NOUN	62
colonel	PROPN	62
idea	NOUN	62
because	ADP	62
immediately	ADV	61
next	ADJ	61
better	ADJ	61
three	NUM	61
chapter	NOUN	61
continue	VERB	60
person	NOUN	60
cousin	NOUN	60
wish	NOUN	59
side	NOUN	59
since	ADP	59
almost	ADV	59
life	NOUN	58
those	DET	58
mention	VERB	58
meryton	PROPN	58
far	ADV	58
whose	ADJ	58
possible	ADJ	57
#	PUNCT	57
enter	VERB	57
another	DET	57
both	DET	57
least	ADJ	56
settle	VERB	56
first	ADV	56
body	NOUN	56
london	PROPN	55
over	ADP	55
certain	ADJ	55
mind	NOUN	55
rather	ADV	55
yet	ADV	55
reason	NOUN	54
dare	VERB	54
able	ADJ	54
pemberley	PROPN	54
husband	NOUN	54
whether	ADP	54
others	NOUN	54
once	ADV	54
behaviour	NOUN	54
why	ADV	54
hope	NOUN	53
down	PART	53
whole	ADJ	53
present	ADJ	53
read	VERB	53
answer	VERB	52
join	VERB	52
against	ADP	52
one	NOUN	52
mean	NOUN	51
answer	NOUN	51
yourself	PRON	50
carriage	NOUN	50
people	NOUN	50
keep	VERB	50
no	INTJ	50
general	ADJ	49
object	NOUN	49
observe	VERB	49
civility	NOUN	49
express	VERB	49
though	ADV	49
course	NOUN	49
wife	NOUN	48
perfectly	ADV	48
spirit	NOUN	48
power	NOUN	48
point	NOUN	48
out	ADP	47
week	NOUN	47
circumstance	NOUN	47
home	NOUN	47
off	PART	47
minute	NOUN	46
ill	ADJ	46
william	PROPN	46
occasion	NOUN	46
hardly	ADV	46
bear	VERB	46
ought	VERB	46
send	VERB	46
heart	NOUN	45
agreeable	ADJ	45
pride	NOUN	45
remain	VERB	45
business	NOUN	45
scarcely	ADV	45
no	ADV	45
understand	VERB	44
ball	NOUN	44
impossible	ADJ	44
live	VERB	44
short	ADJ	44
dance	VERB	43
kind	NOUN	43
well	INTJ	43
door	NOUN	43
visit	NOUN	43
listen	VERB	43
persuade	VERB	43
handsome	ADJ	42
table	NOUN	42
happen	VERB	42
regard	NOUN	42
half	ADJ	42
else	ADV	42
lose	VERB	41
country	NOUN	41
less	ADV	41
:	PUNCT	41
longer	ADV	41
advantage	NOUN	41
fortune	NOUN	40
through	ADP	40
hertfordshire	PROPN	40
enough	ADJ	40
prevent	VERB	40
mary	PROPN	40
spend	VERB	40
bourgh	PROPN	39
child	NOUN	39
officer	NOUN	39
resolve	VERB	39
de	PROPN	39
engage	VERB	39
attend	VERB	38
stand	VERB	38
case	NOUN	38
situation	NOUN	38
honour	NOUN	38
oblige	VERB	38
forster	PROPN	38
stay	VERB	37
matter	NOUN	37
dinner	NOUN	37
surprise	NOUN	37
fitzwilliam	PROPN	37
accept	VERB	37
connection	NOUN	37
less	ADJ	37
question	NOUN	37
afraid	ADJ	37
best	ADJ	37
forget	VERB	37
ladyship	NOUN	37
former	ADJ	37
sense	NOUN	36
beyond	ADP	36
back	ADV	36
night	NOUN	36
like	ADP	36
compliment	NOUN	36
amiable	ADJ	36
help	VERB	36
different	ADJ	36
glad	ADJ	36
put	VERB	36
thought	NOUN	36
sometimes	ADV	36
fine	ADJ	36
relation	NOUN	36
on	PART	36
laugh	VERB	35
society	NOUN	35
rest	NOUN	35
four	NUM	35
bad	ADJ	35
name	NOUN	35
invitation	NOUN	35
smile	NOUN	35
sorry	ADJ	35
rosings	PROPN	35
relate	VERB	35
draw	VERB	35
poor	ADJ	35
head	NOUN	35
pleased	ADJ	34
wait	VERB	34
within	ADP	34
pay	VERB	34
hand	NOUN	34
also	ADV	34
small	ADJ	34
appearance	NOUN	34
deal	NOUN	34
expression	NOUN	34
at	ADV	34
respect	NOUN	34
account	NOUN	34
usual	ADJ	34
thousand	NUM	34
under	ADP	33
merely	ADV	33
likely	ADJ	33
try	VERB	33
themselves	PRON	33
hurst	PROPN	33
wonder	VERB	33
consequence	NOUN	33
convince	VERB	33
particularly	ADV	33
ten	NUM	33
walk	NOUN	33
five	NUM	33
repeat	VERB	32
remember	VERB	32
engagement	NOUN	32
afterwards	ADV	32
run	VERB	32
concern	NOUN	32
sensible	ADJ	32
book	NOUN	32
lead	VERB	32
length	NOUN	32
news	NOUN	32
imagine	VERB	32
air	NOUN	31
real	ADJ	31
smile	VERB	31
beauty	NOUN	31
admire	VERB	31
become	VERB	31
return	NOUN	31
love	VERB	31
comfort	NOUN	31
better	ADV	31
sort	NOUN	31
niece	NOUN	31
large	ADJ	31
silence	NOUN	31
instantly	ADV	31
servant	NOUN	31
necessary	ADJ	31
determine	VERB	31
thank	VERB	30
opportunity	NOUN	30
astonishment	NOUN	30
choose	VERB	30
month	NOUN	30
exactly	ADV	30
whatever	ADJ	30
intend	VERB	30
arrival	NOUN	30
high	ADJ	30
neighbourhood	NOUN	30
open	VERB	30
face	NOUN	29
philips	PROPN	29
thus	ADV	29
equal	ADJ	29
dear	NOUN	29
countenance	NOUN	29
master	NOUN	29
kindness	NOUN	29
acknowledge	VERB	29
depend	VERB	29
long	ADJ	29
promise	VERB	29
shew	VERB	28
beg	VERB	28
satisfaction	NOUN	28
already	ADV	28
attachment	NOUN	28
satisfied	ADJ	28
highly	ADV	28
pain	NOUN	28
over	ADV	28
either	DET	28
view	NOUN	28
credit	NOUN	27
set	VERB	27
easily	ADV	27
quit	VERB	27
importance	NOUN	27
truth	NOUN	27
true	ADJ	27
exceedingly	ADV	27
absence	NOUN	27
learn	VERB	27
throw	VERB	27
money	NOUN	27
fix	VERB	27
during	ADP	27
event	NOUN	27
information	NOUN	27
form	VERB	27
dance	NOUN	27
wholly	ADV	26
silent	ADJ	26
care	NOUN	26
endeavour	VERB	26
surprised	ADJ	26
increase	VERB	26
about	ADV	26
anxious	ADJ	26
strong	ADJ	26
expectation	NOUN	26
new	ADJ	26
disposition	NOUN	26
whole	NOUN	26
use	VERB	26
particular	ADJ	26
temper	NOUN	26
fear	VERB	26
objection	NOUN	26
delight	NOUN	26
son	NOUN	25
scheme	NOUN	25
visitor	NOUN	25
forward	ADV	25
affair	NOUN	25
design	NOUN	25
sake	NOUN	25
nephew	NOUN	25
humour	NOUN	25
entirely	ADV	25
doubt	NOUN	25
breakfast	NOUN	25
end	NOUN	25
offer	VERB	25
look	NOUN	25
self	NOUN	25
prove	VERB	25
declare	VERB	25
among	ADP	25
admiration	NOUN	25
hunsford	PROPN	25
brighton	PROPN	24
probably	ADV	24
play	VERB	24
interest	NOUN	24
degree	NOUN	24
hop	VERB	24
pound	NOUN	24
nature	NOUN	24
very	ADJ	24
derbyshire	PROPN	24
acquaint	VERB	24
force	VERB	24
cause	NOUN	24
only	ADJ	24
match	NOUN	24
estate	NOUN	24
introduce	VERB	24
ago	ADV	24
serious	ADJ	24
second	ADJ	24
gratitude	NOUN	24
enquiry	NOUN	24
recollect	VERB	24
perceive	VERB	24
directly	ADV	23
suffer	VERB	23
conduct	NOUN	23
several	ADJ	23
assurance	NOUN	23
companion	NOUN	23
comprehend	VERB	23
spite	NOUN	23
easy	ADJ	23
recommend	VERB	23
term	NOUN	23
curiosity	NOUN	23
frequently	ADV	23
near	ADP	23
inclination	NOUN	23
drive	VERB	23
address	VERB	23
eliza	PROPN	23
right	ADJ	23
reply	NOUN	23
library	NOUN	23
fortnight	NOUN	23
arise	VERB	22
whenever	ADV	22
neither	CONJ	22
visit	VERB	22
regiment	NOUN	22
stair	NOUN	22
natural	ADJ	22
proud	ADJ	22
pleasing	ADJ	22
fair	ADJ	22
refuse	VERB	22
mile	NOUN	22
either	CONJ	22
slight	ADJ	22
company	NOUN	22
praise	NOUN	22
conceal	VERB	22
especially	ADV	22
journey	NOUN	22
address	NOUN	22
most	ADJ	22
doubt	VERB	22
half	NOUN	22
voice	NOUN	22
reach	VERB	22
window	NOUN	22
inform	VERB	21
what	ADJ	21
agree	VERB	21
except	ADP	21
deserve	VERB	21
ill	ADV	21
avoid	VERB	21
fear	NOUN	21
trust	VERB	21
particular	NOUN	21
effect	NOUN	21
affect	VERB	21
one	PRON	21
notice	NOUN	21
full	ADJ	20
pleasant	ADJ	20
want	NOUN	20
unless	ADP	20
trouble	NOUN	20
equally	ADV	20
offer	NOUN	20
recollection	NOUN	20
understanding	NOUN	20
eldest	ADJ	20
instead	ADV	20
seek	VERB	20
invite	VERB	20
favour	NOUN	20
farther	ADV	20
occur	VERB	20
need	VERB	20
care	VERB	20
ready	ADJ	20
proper	ADJ	20
approach	VERB	20
maria	PROPN	20
knowledge	NOUN	20
deceive	VERB	20
confess	VERB	20
home	ADV	20
partner	NOUN	20
intention	NOUN	20
proceed	VERB	20
pause	NOUN	20
drawing	NOUN	20
remove	VERB	20
but	ADP	20
excellent	ADJ	20
delightful	ADJ	19
married	ADJ	19
none	NOUN	19
scene	NOUN	19
please	VERB	19
in	PART	19
common	ADJ	19
prevail	VERB	19
success	NOUN	19
anxiety	NOUN	19
judge	VERB	19
danger	NOUN	19
dislike	NOUN	19
require	VERB	19
living	NOUN	19
evil	NOUN	19
chance	NOUN	19
reflection	NOUN	19
summer	NOUN	19
(	PUNCT	19
charming	ADJ	19
proposal	NOUN	19
resolution	NOUN	19
apply	VERB	19
intelligence	NOUN	19
turn	NOUN	19
)	PUNCT	19
so	ADP	19
prepare	VERB	18
place	VERB	18
evident	ADJ	18
health	NOUN	18
change	VERB	18
superior	ADJ	18
nobody	NOUN	18
state	NOUN	18
motive	NOUN	18
explain	VERB	18
civil	ADJ	18
absolutely	ADV	18
felicity	NOUN	18
arrive	VERB	18
part	VERB	18
readily	ADV	18
meeting	NOUN	18
prospect	NOUN	18
strike	VERB	18
sentiment	NOUN	18
lively	ADJ	18
purpose	NOUN	18
neighbour	NOUN	18
latter	ADJ	18
capable	ADJ	18
rejoice	VERB	18
vanity	NOUN	18
grow	VERB	18
shake	VERB	18
loss	NOUN	18
fall	VERB	18
step	NOUN	18
move	VERB	18
fancy	VERB	18
disappointment	NOUN	18
satisfy	VERB	18
resentment	NOUN	18
yet	CONJ	18
ground	NOUN	18
street	NOUN	18
perfect	ADJ	17
encourage	VERB	17
owe	VERB	17
law	NOUN	17
carry	VERB	17
recover	VERB	17
creature	NOUN	17
flatter	VERB	17
indifference	NOUN	17
concern	VERB	17
line	NOUN	17
work	NOUN	17
saturday	PROPN	17
mark	VERB	17
affectionate	ADJ	17
stranger	NOUN	17
caroline	PROPN	17
cold	ADJ	17
angry	ADJ	17
rise	VERB	17
politeness	NOUN	17
direction	NOUN	17
likewise	ADV	17
fond	ADJ	17
twenty	NUM	17
report	NOUN	17
watch	VERB	17
ease	NOUN	17
late	ADJ	17
attempt	VERB	17
observation	NOUN	17
change	NOUN	17
duty	NOUN	17
sight	NOUN	17
morrow	NOUN	17
admit	VERB	16
leave	NOUN	16
produce	VERB	16
act	VERB	16
conclude	VERB	16
ignorant	ADJ	16
ashamed	ADJ	16
suspect	VERB	16
housekeeper	NOUN	16
interrupt	VERB	16
gratify	VERB	16
composure	NOUN	16
endeavour	NOUN	16
grieve	VERB	16
lay	VERB	16
tone	NOUN	16
generally	ADV	16
plan	NOUN	16
'	PART	16
extraordinary	ADJ	16
decide	VERB	16
indifferent	ADJ	16
period	NOUN	16
above	ADP	16
catch	VERB	16
tolerable	ADJ	16
determined	ADJ	16
misery	NOUN	16
suddenly	ADV	16
card	NOUN	16
desire	NOUN	16
present	NOUN	16
contain	VERB	16
pray	VERB	16
advice	NOUN	16
escape	VERB	16
conviction	NOUN	16
connect	VERB	16
last	ADV	16
regret	NOUN	16
gain	VERB	16
bestow	VERB	16
hint	NOUN	16
early	ADV	16
otherwise	ADV	16
old	ADJ	16
dine	VERB	16
distance	NOUN	16
afford	VERB	15
speech	NOUN	15
pretty	ADV	15
winter	NOUN	15
mistaken	ADJ	15
road	NOUN	15
render	VERB	15
justice	NOUN	15
parsonage	NOUN	15
fortunate	ADJ	15
seat	VERB	15
teach	VERB	15
long	VERB	15
consideration	NOUN	15
alarm	NOUN	15
beautiful	ADJ	15
age	NOUN	15
blame	VERB	15
belief	NOUN	15
finish	VERB	15
direct	VERB	15
discover	VERB	15
georgiana	PROPN	15
picture	NOUN	15
choice	NOUN	15
succeed	VERB	15
down	ADP	15
amusement	NOUN	15
alone	ADV	15
fact	NOUN	15
taste	NOUN	15
alone	ADJ	15
hold	VERB	14
possibility	NOUN	14
expose	VERB	14
painful	ADJ	14
describe	VERB	14
long	PROPN	14
favourite	ADJ	14
elegant	ADJ	14
judgment	NOUN	14
dining	NOUN	14
overcome	VERB	14
enjoyment	NOUN	14
wonder	NOUN	14
interesting	ADJ	14
wedding	NOUN	14
respectable	ADJ	14
earnest	ADJ	14
entrance	NOUN	14
kent	PROPN	14
farther	ADJ	14
attempt	NOUN	14
disagreeable	ADJ	14
eagerly	ADV	14
unable	ADJ	14
rosings	NOUN	14
comparison	NOUN	14
attach	VERB	14
desire	VERB	14
compassion	NOUN	14
debt	NOUN	14
aware	ADJ	14
extremely	ADV	14
greatly	ADV	14
apprehension	NOUN	14
pronounce	VERB	14
distress	NOUN	14
reasonable	ADJ	14
thanks	NOUN	14
misfortune	NOUN	13
profession	NOUN	13
yesterday	NOUN	13
sentence	NOUN	13
near	ADJ	13
worth	ADJ	13
relief	NOUN	13
din	VERB	13
up	ADP	13
interference	NOUN	13
dwell	VERB	13
venture	VERB	13
bow	NOUN	13
protest	VERB	13
share	NOUN	13
delighted	ADJ	13
exclaim	VERB	13
will	NOUN	13
clothes	NOUN	13
park	NOUN	13
hurry	VERB	13
grateful	ADJ	13
leisure	NOUN	13
assist	VERB	13
treat	VERB	13
noble	ADJ	13
anger	NOUN	13
offend	VERB	13
seriously	ADV	13
unhappy	ADJ	13
assistance	NOUN	13
enquire	VERB	13
tolerably	ADV	13
vain	NOUN	13
partiality	NOUN	13
suspicion	NOUN	13
congratulation	NOUN	13
frequent	ADJ	13
tea	NOUN	13
light	NOUN	13
entertain	VERB	12
console	VERB	12
generous	ADJ	12
tuesday	PROPN	12
either	ADV	12
own	VERB	12
heaven	PROPN	12
denny	PROPN	12
silly	ADJ	12
false	ADJ	12
constant	ADJ	12
deny	VERB	12
horse	NOUN	12
application	NOUN	12
stay	NOUN	12
naturally	ADV	12
rich	ADJ	12
chief	NOUN	12
madam	PROPN	12
wise	ADJ	12
probable	ADJ	12
delight	VERB	12
favourable	ADJ	12
use	NOUN	12
immediate	ADJ	12
promise	NOUN	12
represent	VERB	12
quarter	NOUN	12
eager	ADJ	12
rank	NOUN	12
contempt	NOUN	12
guard	VERB	12
justify	VERB	12
sooner	ADV	12
communication	NOUN	12
amongst	ADP	12
kind	ADV	12
break	VERB	12
actually	ADV	12
intimate	ADJ	12
hall	NOUN	12
lucases	PROPN	12
disposed	ADJ	12
courage	NOUN	12
comfortable	ADJ	12
twice	ADV	12
enjoy	VERB	12
colour	NOUN	12
advise	VERB	12
both	CONJ	12
pretty	ADJ	12
joy	NOUN	12
early	ADJ	12
garden	NOUN	12
music	NOUN	12
occasionally	ADV	12
provide	VERB	12
shortly	ADV	12
lately	ADV	12
chuse	VERB	12
single	ADJ	12
down	ADV	11
future	ADJ	11
pretend	VERB	11
confusion	NOUN	11
order	VERB	11
in	ADV	11
instrument	NOUN	11
confidence	NOUN	11
pursue	VERB	11
parlour	NOUN	11
relationship	NOUN	11
secure	VERB	11
instance	NOUN	11
account	VERB	11
chaise	NOUN	11
vexation	NOUN	11
excessively	ADV	11
wild	ADJ	11
forgive	VERB	11
notion	NOUN	11
earnestly	ADV	11
education	NOUN	11
desirable	ADJ	11
check	VERB	11
necessity	NOUN	11
supper	NOUN	11
imprudent	ADJ	11
order	NOUN	11
dreadful	ADJ	11
open	ADJ	11
wood	NOUN	11
folly	NOUN	11
interruption	NOUN	11
excuse	NOUN	11
remark	NOUN	11
plain	ADJ	11
moreover	ADV	11
fault	NOUN	11
assembly	NOUN	11
stop	VERB	11
amuse	VERB	11
perform	VERB	11
accompany	VERB	11
wrong	ADJ	11
private	ADJ	11
introduction	NOUN	11
honour	VERB	11
distress	VERB	11
improve	VERB	11
pardon	NOUN	11
point	VERB	11
fail	VERB	11
difference	NOUN	11
kind	ADJ	11
difficult	ADJ	11
tempt	VERB	11
probability	NOUN	11
delicacy	NOUN	11
public	ADJ	11
income	NOUN	11
meaning	NOUN	11
employ	VERB	11
end	VERB	10
convinced	ADJ	10
preference	NOUN	10
on	ADV	10
consolation	NOUN	10
memory	NOUN	10
dress	VERB	10
youth	NOUN	10
separate	VERB	10
heartily	ADV	10
——shire	NOUN	10
secrecy	NOUN	10
remarkably	ADV	10
furniture	NOUN	10
attentive	ADJ	10
insufficient	ADJ	10
goodness	NOUN	10
sweet	ADJ	10
dislike	VERB	10
off	ADV	10
lambton	PROPN	10
church	NOUN	10
improvement	NOUN	10
low	ADJ	10
charm	NOUN	10
behave	VERB	10
virtue	NOUN	10
coach	NOUN	10
comply	VERB	10
six	NUM	10
strange	ADJ	10
insist	VERB	10
next	ADV	10
argument	NOUN	10
sir	NOUN	10
remind	VERB	10
steady	ADJ	10
source	NOUN	10
violent	ADJ	10
explanation	NOUN	10
lane	NOUN	10
reynolds	PROPN	10
encouragement	NOUN	10
tall	ADJ	10
embarrassment	NOUN	10
dread	VERB	10
provoke	VERB	10
near	ADV	10
close	VERB	10
reject	VERB	10
intimacy	NOUN	10
apology	NOUN	10
contrary	NOUN	10
fellow	NOUN	10
sincere	ADJ	10
fresh	ADJ	10
utmost	ADJ	10
quick	ADJ	10
regard	VERB	10
natured	ADJ	10
attribute	VERB	10
amazement	NOUN	10
important	ADJ	10
unlucky	ADJ	10
employment	NOUN	10
tear	NOUN	10
undoubtedly	ADV	10
object	VERB	10
habit	NOUN	10
press	VERB	10
examine	VERB	10
rational	ADJ	10
consequently	ADV	10
mine	NOUN	10
unwilling	ADJ	10
pray	INTJ	10
buy	VERB	10
partial	ADJ	10
impatience	NOUN	10
chiefly	ADV	10
&c	PROPN	10
excite	VERB	10
deep	ADJ	10
shame	NOUN	10
feature	NOUN	10
boast	VERB	10
welcome	ADJ	10
commendation	NOUN	9
influence	NOUN	9
last	VERB	9
error	NOUN	9
imprudence	NOUN	9
behind	ADP	9
'	VERB	9
elegance	NOUN	9
raise	VERB	9
regret	VERB	9
arrangement	NOUN	9
awkward	ADJ	9
defect	NOUN	9
friendship	NOUN	9
engaged	ADJ	9
beginning	NOUN	9
lord	PROPN	9
whisper	NOUN	9
hate	VERB	9
seldom	ADV	9
notice	VERB	9
patience	NOUN	9
blush	VERB	9
establish	VERB	9
uncommonly	ADV	9
sink	VERB	9
consent	NOUN	9
hard	ADJ	9
various	ADJ	9
addition	NOUN	9
mistake	VERB	9
valuable	ADJ	9
fashion	NOUN	9
sunday	PROPN	9
itself	PRON	9
withdraw	VERB	9
authority	NOUN	9
neglect	VERB	9
neither	DET	9
temptation	NOUN	9
excuse	VERB	9
hastily	ADV	9
welcome	VERB	9
reception	NOUN	9
obligation	NOUN	9
figure	NOUN	9
surprise	VERB	9
yield	VERB	9
hurry	NOUN	9
quite	ADJ	9
request	NOUN	9
eight	NUM	9
wednesday	PROPN	9
mistake	NOUN	9
elopement	NOUN	9
reflect	VERB	9
lover	NOUN	9
accord	VERB	9
over	PART	9
content	NOUN	9
save	VERB	9
parish	NOUN	9
spot	NOUN	9
severe	ADJ	9
persuasion	NOUN	9
rapture	NOUN	9
bennets	PROPN	9
dear	PROPN	9
considerable	ADJ	9
park	PROPN	9
story	NOUN	9
belong	VERB	9
thankful	ADJ	9
clergyman	NOUN	9
monday	PROPN	9
reserve	NOUN	9
utter	VERB	9
jenkinson	PROPN	9
safe	ADJ	9
lip	NOUN	9
favourite	NOUN	9
quietly	ADV	9
congratulate	VERB	9
die	VERB	9
possession	NOUN	9
gracechurch	PROPN	9
inquiry	NOUN	9
humble	ADJ	9
piece	NOUN	9
gown	NOUN	9
couple	NOUN	9
accomplished	ADJ	9
exertion	NOUN	9
prefer	VERB	9
repeatedly	ADV	9
sing	VERB	9
sincerely	ADV	9
triumph	NOUN	9
disappointed	ADJ	9
haste	NOUN	9
property	NOUN	8
little	ADV	8
properly	ADV	8
quiet	ADJ	8
alteration	NOUN	8
inn	NOUN	8
wherever	ADV	8
respect	VERB	8
unknown	ADJ	8
warmth	NOUN	8
least	ADV	8
nonsense	NOUN	8
thinking	NOUN	8
study	NOUN	8
death	NOUN	8
impatient	ADJ	8
gracious	ADJ	8
writing	NOUN	8
certainty	NOUN	8
fun	NOUN	8
hill	PROPN	8
preserve	VERB	8
uneasy	ADJ	8
allude	VERB	8
abode	NOUN	8
usually	ADV	8
george	PROPN	8
spar	VERB	8
lest	ADP	8
distinguish	VERB	8
suggest	VERB	8
obtain	VERB	8
discourse	NOUN	8
altogether	ADV	8
warmly	ADV	8
form	NOUN	8
parent	NOUN	8
claim	NOUN	8
totally	ADV	8
propose	VERB	8
seat	NOUN	8
liberty	NOUN	8
entail	VERB	8
approve	VERB	8
propriety	NOUN	8
formerly	ADV	8
conjecture	VERB	8
conclusion	NOUN	8
note	NOUN	8
somewhat	ADV	8
nearly	ADV	8
refusal	NOUN	8
anybody	NOUN	8
friendly	ADJ	8
measure	NOUN	8
divide	VERB	8
guess	VERB	8
procure	VERB	8
quarrel	VERB	8
while	NOUN	8
mistress	NOUN	8
gate	NOUN	8
aloud	ADV	8
concerned	ADJ	8
resign	VERB	8
indignation	NOUN	8
eagerness	NOUN	8
despise	VERB	8
separation	NOUN	8
offence	NOUN	8
occupy	VERB	8
accomplishment	NOUN	8
circle	NOUN	8
quality	NOUN	8
unexpected	ADJ	8
oppose	VERB	8
service	NOUN	8
formal	ADJ	8
good	NOUN	8
astonished	ADJ	8
value	VERB	8
renew	VERB	8
solicitude	NOUN	8
support	VERB	8
difficulty	NOUN	8
governess	NOUN	8
somebody	NOUN	8
foolish	ADJ	8
variety	NOUN	8
uncomfortable	ADJ	8
wretched	ADJ	8
away	PART	8
ourselves	PRON	8
apologise	VERB	8
openly	ADV	8
right	ADV	8
incapable	ADJ	8
eat	VERB	8
involve	VERB	8
drink	VERB	8
gallantry	NOUN	8
warm	ADJ	8
up	ADV	8
possess	VERB	8
merit	NOUN	8
grave	ADJ	8
unpleasant	ADJ	8
possibly	ADV	8
hearing	NOUN	8
esteem	NOUN	8
inconvenience	NOUN	8
scotland	PROPN	8
cease	VERB	8
madam	NOUN	8
reproach	NOUN	8
esteem	VERB	8
weak	ADJ	8
impertinence	NOUN	8
idle	ADJ	8
cross	VERB	8
strongly	ADV	8
indulge	VERB	8
besides	ADP	8
work	VERB	7
action	NOUN	7
influence	VERB	7
unreasonable	ADJ	7
complexion	NOUN	7
remarkable	ADJ	7
decline	VERB	7
discovery	NOUN	7
mention	NOUN	7
contrive	VERB	7
opposite	ADJ	7
game	NOUN	7
announce	VERB	7
supply	VERB	7
rouse	VERB	7
reach	NOUN	7
extent	NOUN	7
disapprobation	NOUN	7
domestic	ADJ	7
james	PROPN	7
condescension	NOUN	7
engross	VERB	7
start	VERB	7
pursuit	NOUN	7
neither	ADV	7
disgrace	NOUN	7
lucky	ADJ	7
proof	NOUN	7
improbable	ADJ	7
cheerful	ADJ	7
hasten	VERB	7
impose	VERB	7
unfold	VERB	7
accuse	VERB	7
paper	NOUN	7
approbation	NOUN	7
conjecture	NOUN	7
shop	NOUN	7
ma'am	PROPN	7
falsehood	NOUN	7
request	VERB	7
removal	NOUN	7
st.	PROPN	7
house	PROPN	7
fast	ADV	7
hopeless	ADJ	7
chuses	VERB	7
consult	VERB	7
embarrassed	ADJ	7
style	NOUN	7
condescend	VERB	7
resemblance	NOUN	7
boy	NOUN	7
heighten	VERB	7
resent	VERB	7
spare	VERB	7
relieve	VERB	7
effort	NOUN	7
impression	NOUN	7
sex	NOUN	7
twelvemonth	NOUN	7
sudden	ADJ	7
patroness	NOUN	7
renewal	NOUN	7
dancing	NOUN	7
kindly	ADV	7
principal	NOUN	7
interval	NOUN	7
talent	NOUN	7
interested	ADJ	7
description	NOUN	7
disappoint	VERB	7
truly	ADV	7
disadvantage	NOUN	7
opening	NOUN	7
art	NOUN	7
converse	VERB	7
selfish	ADJ	7
right	NOUN	7
entail	NOUN	7
quest	NOUN	7
betray	VERB	7
wit	NOUN	7
anticipate	VERB	7
uneasiness	NOUN	7
clever	ADJ	7
completely	ADV	7
hat	VERB	7
clear	VERB	7
due	ADJ	7
assert	VERB	7
study	VERB	7
free	ADJ	7
agitation	NOUN	7
compare	VERB	7
injure	VERB	7
principal	ADJ	7
staid	VERB	7
sacrifice	NOUN	7
glance	NOUN	7
differently	ADV	7
king	PROPN	7
suit	VERB	7
consent	VERB	7
confirm	VERB	7
river	NOUN	7
eligible	ADJ	7
cheerfulness	NOUN	7
disgrace	VERB	7
detain	VERB	7
collect	VERB	7
commission	NOUN	7
meditate	VERB	7
hurt	VERB	7
bless	VERB	7
attraction	NOUN	7
charles	PROPN	7
ignorance	NOUN	7
charge	NOUN	7
fit	VERB	7
design	VERB	7
coffee	NOUN	7
dependence	NOUN	7
finally	ADV	7
desirous	ADJ	7
mortification	NOUN	7
delay	NOUN	6
gradually	ADV	6
round	ADV	6
willing	ADJ	6
purchase	VERB	6
alarm	VERB	6
vain	ADJ	6
wander	VERB	6
pity	NOUN	6
ability	NOUN	6
tour	NOUN	6
advance	VERB	6
claim	VERB	6
satisfactory	ADJ	6
complete	ADJ	6
spring	NOUN	6
accident	NOUN	6
occasional	ADJ	6
violently	ADV	6
dish	NOUN	6
banish	VERB	6
overlook	VERB	6
independence	NOUN	6
voluntarily	ADV	6
deference	NOUN	6
rid	VERB	6
hundred	NUM	6
strength	NOUN	6
mamma	NOUN	6
forbearance	NOUN	6
value	NOUN	6
speedily	ADV	6
entreat	VERB	6
talk	NOUN	6
weight	NOUN	6
perverseness	NOUN	6
soften	VERB	6
blind	ADJ	6
frighten	VERB	6
matrimony	NOUN	6
ceremony	NOUN	6
shock	VERB	6
'	NOUN	6
peculiar	ADJ	6
resist	VERB	6
abhorrence	NOUN	6
symptom	NOUN	6
accent	NOUN	6
exist	VERB	6
material	ADJ	6
apartment	NOUN	6
acceptable	ADJ	6
communicate	VERB	6
past	NOUN	6
scruple	NOUN	6
christmas	PROPN	6
complain	VERB	6
breeding	NOUN	6
chair	NOUN	6
pity	VERB	6
assertion	NOUN	6
delay	VERB	6
language	NOUN	6
across	ADP	6
miserable	ADJ	6
close	ADJ	6
urge	VERB	6
principle	NOUN	6
weakness	NOUN	6
continually	ADV	6
hesitate	VERB	6
weather	NOUN	6
pretension	NOUN	6
louisa	PROPN	6
village	NOUN	6
trace	VERB	6
aye	PROPN	6
earliest	ADJ	6
performance	NOUN	6
peace	NOUN	6
share	VERB	6
state	VERB	6
fire	NOUN	6
summon	VERB	6
arrange	VERB	6
displeasure	NOUN	6
denial	NOUN	6
fancy	ADJ	6
discharge	VERB	6
syllable	NOUN	6
astonish	VERB	6
sensation	NOUN	6
profess	VERB	6
lawn	NOUN	6
vex	VERB	6
presence	NOUN	6
accordingly	ADV	6
display	VERB	6
witness	VERB	6
express	NOUN	6
fancy	NOUN	6
mind	VERB	6
sixteen	NUM	6
miss	VERB	6
guest	NOUN	6
intercourse	NOUN	6
retain	VERB	6
lift	VERB	6
delicate	ADJ	6
third	ADJ	6
corp	NOUN	6
allusion	NOUN	6
abuse	VERB	6
conceited	ADJ	6
establishment	NOUN	6
modesty	NOUN	6
benefit	NOUN	6
impropriety	NOUN	6
county	NOUN	6
emotion	NOUN	6
inducement	NOUN	6
permission	NOUN	6
persist	VERB	6
unfortunate	ADJ	6
useless	ADJ	6
purposely	ADV	6
sound	NOUN	6
lessen	VERB	6
plainly	ADV	6
compose	VERB	6
depart	VERB	6
attack	NOUN	6
sort	ADV	6
expence	NOUN	6
prejudice	NOUN	6
female	NOUN	6
entertainment	NOUN	6
likely	ADV	6
reserve	VERB	6
travel	VERB	6
clear	ADJ	6
indulgence	NOUN	6
fifty	NUM	6
honourable	ADJ	6
rest	VERB	6
elder	ADJ	6
alter	VERB	6
song	NOUN	6
assemble	VERB	6
departure	NOUN	6
like	ADJ	6
gentle	ADJ	6
abominable	ADJ	6
aspect	NOUN	6
reproof	NOUN	6
useful	ADJ	6
wear	VERB	6
—	PUNCT	6
shocking	ADJ	6
advisable	ADJ	6
unite	VERB	6
pain	VERB	6
nice	ADJ	6
name	VERB	6
endure	VERB	6
dressing	NOUN	6
recommendation	NOUN	5
coat	NOUN	5
convenient	ADJ	5
novelty	NOUN	5
solemnity	NOUN	5
decorum	NOUN	5
descend	VERB	5
instant	NOUN	5
acknowledgment	NOUN	5
dull	ADJ	5
presentation	NOUN	5
hasty	ADJ	5
principally	ADV	5
materially	ADV	5
speaking	NOUN	5
philosophy	NOUN	5
unaffected	ADJ	5
vary	VERB	5
bingleys	PROPN	5
precede	VERB	5
dispose	VERB	5
supposition	NOUN	5
border	VERB	5
respectability	NOUN	5
vestibule	NOUN	5
star	VERB	5
restraint	NOUN	5
history	NOUN	5
misunderstand	VERB	5
enquire	NOUN	5
neglect	NOUN	5
devote	VERB	5
fully	ADV	5
example	NOUN	5
ruin	VERB	5
post	NOUN	5
distinction	NOUN	5
deficient	ADJ	5
practise	VERB	5
progress	NOUN	5
distressed	ADJ	5
set	NOUN	5
discretion	NOUN	5
that	ADV	5
office	NOUN	5
secret	NOUN	5
humble	VERB	5
foundation	NOUN	5
conceit	NOUN	5
dead	ADJ	5
similar	ADJ	5
disgraceful	ADJ	5
compliment	VERB	5
economy	NOUN	5
shut	VERB	5
sweetness	NOUN	5
sum	NOUN	5
alarmed	ADJ	5
create	VERB	5
flow	VERB	5
kill	VERB	5
steward	NOUN	5
discussion	NOUN	5
correspondence	NOUN	5
exert	VERB	5
behold	VERB	5
benefit	VERB	5
overthrow	VERB	5
yours	PRON	5
absurd	ADJ	5
warn	VERB	5
tree	NOUN	5
stupid	ADJ	5
defy	VERB	5
deliver	VERB	5
mere	ADJ	5
dignity	NOUN	5
ah	INTJ	5
lodge	NOUN	5
uncivil	ADJ	5
beneath	ADP	5
liberal	ADJ	5
rate	NOUN	5
sufficiently	ADV	5
melancholy	ADJ	5
purchase	NOUN	5
bed	NOUN	5
ladyship	PROPN	5
inspire	VERB	5
treatment	NOUN	5
mode	NOUN	5
mine	PRON	5
discuss	VERB	5
above	ADV	5
mend	VERB	5
ride	VERB	5
gentlemanlike	ADJ	5
horror	NOUN	5
polite	ADJ	5
visible	ADJ	5
help	NOUN	5
impertinent	ADJ	5
gallery	NOUN	5
refreshment	NOUN	5
inclined	ADJ	5
instruction	NOUN	5
solemn	ADJ	5
insolent	ADJ	5
lodge	PROPN	5
november	PROPN	5
command	NOUN	5
mean	ADJ	5
england	PROPN	5
imaginary	ADJ	5
humility	NOUN	5
plan	VERB	5
sick	ADJ	5
nay	INTJ	5
comfort	VERB	5
censure	NOUN	5
mixture	NOUN	5
half	ADV	5
impatiently	ADV	5
lament	VERB	5
disdain	NOUN	5
lodging	NOUN	5
imagination	NOUN	5
approach	NOUN	5
complaint	NOUN	5
collinses	PROPN	5
gardiners	PROPN	5
bitterness	NOUN	5
step	VERB	5
method	NOUN	5
energy	NOUN	5
firm	ADJ	5
cost	VERB	5
conscience	NOUN	5
overhear	VERB	5
furnish	VERB	5
declaration	NOUN	5
blame	NOUN	5
evidently	ADV	5
defer	VERB	5
intreaty	NOUN	5
likelihood	NOUN	5
so	CONJ	5
suspense	NOUN	5
fishing	NOUN	5
estimation	NOUN	5
trifling	NOUN	5
original	ADJ	5
human	ADJ	5
vacant	ADJ	5
tranquillity	NOUN	5
bell	NOUN	5
punishment	NOUN	5
heavy	ADJ	5
welfare	NOUN	5
diffidence	NOUN	5
mutual	ADJ	5
win	VERB	5
envy	VERB	5
fearful	ADJ	5
impute	VERB	5
distant	ADJ	5
article	NOUN	5
phillips	PROPN	5
odd	ADJ	5
out	ADV	5
condemn	VERB	5
of	ADV	5
jones	PROPN	5
forte	NOUN	5
along	ADP	5
birth	NOUN	5
subsist	VERB	5
lakes	PROPN	5
entreaty	NOUN	5
deeply	ADV	5
promote	VERB	5
confine	VERB	5
wound	VERB	5
induce	VERB	5
whist	NOUN	5
complacency	NOUN	5
back	PART	5
exercise	NOUN	5
actual	ADJ	5
incline	VERB	5
recent	ADJ	5
enumerate	VERB	5
ill	ADP	5
anne	PROPN	5
include	VERB	5
thin	ADJ	5
pardon	VERB	5
amazed	ADJ	5
secure	ADJ	5
question	VERB	5
force	NOUN	5
re	ADP	5
exclamation	NOUN	5
uncommon	ADJ	5
elsewhere	ADV	5
forbid	VERB	5
happily	ADV	5
parting	NOUN	5
o'clock	NOUN	5
motif	NOUN	5
sermon	NOUN	5
complaisance	NOUN	5
mortifying	ADJ	5
score	NOUN	5
piano	NOUN	5
distressing	ADJ	5
f.	PROPN	5
insensibility	NOUN	5
curious	ADJ	5
alacrity	NOUN	5
hill	NOUN	5
proportion	NOUN	5
infamous	ADJ	4
derive	VERB	4
luck	NOUN	4
message	NOUN	4
unlikely	ADJ	4
season	NOUN	4
wilfully	ADV	4
inherit	VERB	4
arm	NOUN	4
jealousy	NOUN	4
manage	VERB	4
prudent	ADJ	4
cover	VERB	4
united	ADJ	4
pause	VERB	4
disdain	VERB	4
nerve	NOUN	4
latter	NOUN	4
activity	NOUN	4
prudence	NOUN	4
pale	ADJ	4
younge	PROPN	4
god	PROPN	4
unjust	ADJ	4
presume	VERB	4
present	VERB	4
behind	ADV	4
nervous	ADJ	4
suppress	VERB	4
accusation	NOUN	4
blessing	NOUN	4
slightly	ADV	4
twelve	NUM	4
cruel	ADJ	4
sole	ADJ	4
front	NOUN	4
condition	NOUN	4
traveller	NOUN	4
militia	NOUN	4
field	NOUN	4
future	NOUN	4
contemplation	NOUN	4
solely	ADV	4
command	VERB	4
tender	ADJ	4
hard	ADV	4
round	ADP	4
fly	VERB	4
trade	NOUN	4
agitated	ADJ	4
aside	ADV	4
amends	NOUN	4
build	VERB	4
dress	NOUN	4
glance	VERB	4
ridiculous	ADJ	4
cordiality	NOUN	4
reconcile	VERB	4
extravagant	ADJ	4
below	ADV	4
experience	VERB	4
intrude	VERB	4
boast	NOUN	4
valley	NOUN	4
residence	NOUN	4
coolly	ADV	4
intelligent	ADJ	4
enable	VERB	4
behalf	NOUN	4
repair	VERB	4
excited	ADJ	4
unequal	ADJ	4
scruple	VERB	4
bow	VERB	4
briefly	ADV	4
best	ADV	4
breed	VERB	4
anything	NOUN	4
unpardonable	ADJ	4
stupidity	NOUN	4
amidst	ADP	4
seize	VERB	4
foresee	VERB	4
touch	VERB	4
owner	NOUN	4
unwelcome	ADJ	4
'	PUNCT	4
sens	NOUN	4
light	ADJ	4
select	VERB	4
collection	NOUN	4
reasonably	ADV	4
absolute	ADJ	4
gratified	ADJ	4
obey	VERB	4
praise	VERB	4
surely	ADV	4
unlike	ADP	4
mortify	VERB	4
thither	NOUN	4
clapham	PROPN	4
conference	NOUN	4
affability	NOUN	4
freedom	NOUN	4
calmness	NOUN	4
coloured	ADJ	4
revive	VERB	4
inconvenient	ADJ	4
sufficient	ADJ	4
past	ADJ	4
colour	VERB	4
inquire	VERB	4
cruelty	NOUN	4
indebted	VERB	4
indebted	ADJ	4
necessarily	ADV	4
extravagance	NOUN	4
whilst	ADP	4
confirmation	NOUN	4
management	NOUN	4
pleasantly	ADV	4
sincerity	NOUN	4
convey	VERB	4
destine	VERB	4
along	ADV	4
shrubbery	NOUN	4
silence	VERB	4
——	PUNCT	4
caprice	NOUN	4
salutation	NOUN	4
practice	NOUN	4
sickly	ADJ	4
copse	NOUN	4
quickly	ADV	4
vice	NOUN	4
longbourn	VERB	4
female	ADJ	4
calm	ADJ	4
repine	VERB	4
gentleness	NOUN	4
unworthy	ADJ	4
forth	ADV	4
impulse	NOUN	4
passage	NOUN	4
attendance	NOUN	4
acutely	ADV	4
kingdom	NOUN	4
readiness	NOUN	4
harm	NOUN	4
spread	VERB	4
extensive	ADJ	4
phaeton	NOUN	4
adopt	VERB	4
intelligible	ADJ	4
fatigue	NOUN	4
quadrille	NOUN	4
branch	NOUN	4
chief	ADJ	4
perusal	NOUN	4
authorise	VERB	4
number	NOUN	4
thursday	PROPN	4
grandeur	NOUN	4
calculate	VERB	4
unwillingly	ADV	4
awaken	VERB	4
deprive	VERB	4
occurrence	NOUN	4
exceed	VERB	4
favour	VERB	4
capital	NOUN	4
wisely	ADV	4
patronage	NOUN	4
reduce	VERB	4
delightfully	ADV	4
sorrow	NOUN	4
fetch	VERB	4
abroad	ADV	4
formidable	ADJ	4
situate	VERB	4
overpower	VERB	4
submit	VERB	4
unnecessary	ADJ	4
prepared	ADJ	4
t&ecirc;te-&agrave;-t&ecirc;te	NOUN	4
excessive	ADJ	4
cherish	VERB	4
keen	ADJ	4
cheek	NOUN	4
tired	ADJ	4
humoured	ADJ	4
meat	NOUN	4
discourage	VERB	4
maintain	VERB	4
any	ADV	4
deliberation	NOUN	4
ring	NOUN	4
inferior	ADJ	4
active	ADJ	4
complete	VERB	4
forcibly	ADV	4
insensible	ADJ	4
once	ADP	4
joke	NOUN	4
widely	ADV	4
carter	PROPN	4
simpleton	NOUN	4
size	NOUN	4
newcastle	PROPN	4
solitary	ADJ	4
despair	VERB	4
round	VERB	4
injustice	NOUN	4
guard	NOUN	4
somewhere	ADV	4
but	ADV	4
slowly	ADV	4
stream	NOUN	4
defend	VERB	4
refrain	VERB	4
divert	VERB	4
animation	NOUN	4
splendid	ADJ	4
affectionately	ADV	4
vexed	ADJ	4
water	NOUN	4
sheet	NOUN	4
gravity	NOUN	4
path	NOUN	4
gaiety	NOUN	4
occasion	VERB	4
recall	VERB	4
contrivance	NOUN	4
withhold	VERB	4
captain	PROPN	4
infamy	NOUN	4
scold	VERB	4
embrace	VERB	4
cautious	ADJ	4
frankness	NOUN	4
dispatch	VERB	4
representation	NOUN	4
struggle	VERB	4
luckily	ADV	4
freely	ADV	4
gravely	ADV	4
lovely	ADJ	4
fifteen	NUM	4
infinitely	ADV	4
honestly	ADV	4
trifle	VERB	4
after	ADV	4
#	NOUN	4
decidedly	ADV	4
fish	NOUN	4
yours	NOUN	4
unguarded	ADJ	4
forward	VERB	4
execution	NOUN	4
rapidity	NOUN	4
careful	ADJ	4
unconnected	ADJ	4
tongue	NOUN	4
abominably	ADV	4
acceptance	NOUN	4
result	NOUN	4
whisper	VERB	4
elder	NOUN	4
muslin	NOUN	4
affront	VERB	4
follies	NOUN	4
headstrong	ADJ	4
laugh	NOUN	4
mislead	VERB	4
repress	VERB	4
effusion	NOUN	4
liveliness	NOUN	4
sad	ADJ	4
stile	NOUN	4
assume	VERB	4
promising	ADJ	4
guide	VERB	4
drop	VERB	4
bit	NOUN	3
benevolence	NOUN	3
decease	NOUN	3
demand	VERB	3
scandalous	ADJ	3
recovery	NOUN	3
entitle	VERB	3
cold	NOUN	3
discomposure	NOUN	3
suitableness	NOUN	3
agreement	NOUN	3
flight	NOUN	3
unluckily	ADV	3
amusing	ADJ	3
quickness	NOUN	3
borrow	VERB	3
momentary	ADJ	3
disconcert	VERB	3
regular	ADJ	3
comprise	VERB	3
descent	NOUN	3
restoration	NOUN	3
cough	VERB	3
justly	ADV	3
earlier	ADV	3
confident	ADJ	3
universal	ADJ	3
suffering	NOUN	3
familiar	ADJ	3
hair	NOUN	3
suit	NOUN	3
disgust	VERB	3
display	NOUN	3
convenience	NOUN	3
blush	NOUN	3
enough	NOUN	3
urgent	ADJ	3
prosperity	NOUN	3
trial	NOUN	3
comparative	ADJ	3
previous	ADJ	3
portrait	NOUN	3
surround	VERB	3
brain	NOUN	3
fruit	NOUN	3
hither	ADV	3
bright	ADJ	3
confession	NOUN	3
tidings	NOUN	3
speedy	ADJ	3
clearly	ADV	3
june	PROPN	3
gross	ADJ	3
moral	ADJ	3
reliance	NOUN	3
nay	ADJ	3
angel	NOUN	3
express	ADJ	3
confide	VERB	3
bitter	ADJ	3
admirer	NOUN	3
voluntary	ADJ	3
tendency	NOUN	3
shocked	ADJ	3
unexpectedly	ADV	3
solitude	NOUN	3
teazing	NOUN	3
punctual	ADJ	3
formality	NOUN	3
well	ADJ	3
austen	PROPN	3
sport	NOUN	3
resolutely	ADV	3
alternative	NOUN	3
passion	NOUN	3
perpetually	ADV	3
bye	NOUN	3
thoughtlessness	NOUN	3
hackney	NOUN	3
glow	NOUN	3
off	ADP	3
throughout	ADP	3
attorney	NOUN	3
everything	NOUN	3
conquer	VERB	3
slight	VERB	3
desperate	ADJ	3
waiter	NOUN	3
pocket	NOUN	3
nuptials	NOUN	3
excellence	NOUN	3
opposite	ADP	3
imply	VERB	3
ungracious	ADJ	3
privately	ADV	3
retire	VERB	3
epsom	PROPN	3
rationally	ADV	3
stir	VERB	3
farm	NOUN	3
security	NOUN	3
interview	NOUN	3
substance	NOUN	3
unconsciously	ADV	3
constantly	ADV	3
pompous	ADJ	3
route	NOUN	3
except	VERB	3
court	VERB	3
preach	VERB	3
agreeably	ADV	3
cordial	ADJ	3
recital	NOUN	3
mouth	NOUN	3
punish	VERB	3
lamentation	NOUN	3
incredulity	NOUN	3
poorly	ADV	3
reproach	VERB	3
pleasantness	NOUN	3
flutter	NOUN	3
by	PART	3
evil	ADJ	3
anecdote	NOUN	3
abundantly	ADV	3
impartial	ADJ	3
correspondent	NOUN	3
uniformly	ADV	3
accomplish	VERB	3
frivolous	ADJ	3
intermission	NOUN	3
impudence	NOUN	3
expences	NOUN	3
discern	VERB	3
undeserving	ADJ	3
nonsensical	ADJ	3
late	ADV	3
contradict	VERB	3
encounter	VERB	3
wink	VERB	3
shoot	VERB	3
wealth	NOUN	3
regimentals	NOUN	3
middle	NOUN	3
confused	ADJ	3
defence	NOUN	3
insignificance	NOUN	3
pour	VERB	3
incivility	NOUN	3
tenant	NOUN	3
conscious	ADJ	3
surmise	NOUN	3
grove	NOUN	3
counteract	VERB	3
height	NOUN	3
allowance	NOUN	3
army	NOUN	3
transport	NOUN	3
guilt	NOUN	3
spring	VERB	3
carefully	ADV	3
rector	NOUN	3
accidentally	ADV	3
wrong	NOUN	3
attentively	ADV	3
contentment	NOUN	3
unassuming	ADJ	3
universally	ADV	3
flirt	VERB	3
minutely	ADV	3
acute	ADJ	3
union	NOUN	3
ascend	VERB	3
relieved	ADJ	3
significant	ADJ	3
defiance	NOUN	3
openness	NOUN	3
thoughtless	ADJ	3
signify	VERB	3
lewis	PROPN	3
ungenerous	ADJ	3
support	NOUN	3
list	NOUN	3
faint	ADJ	3
invaluable	ADJ	3
willingness	NOUN	3
listener	NOUN	3
awkwardness	NOUN	3
unfeeling	ADJ	3
known	ADJ	3
displease	VERB	3
building	NOUN	3
bonnet	NOUN	3
volume	NOUN	3
widow	NOUN	3
meanwhile	ADV	3
found	VERB	3
awe	NOUN	3
needless	ADJ	3
extend	VERB	3
patron	NOUN	3
housekeeping	NOUN	3
decent	ADJ	3
gather	VERB	3
privilege	NOUN	3
accede	VERB	3
ridicule	NOUN	3
odious	ADJ	3
ornament	NOUN	3
wilful	ADJ	3
fool	NOUN	3
conquest	NOUN	3
extreme	ADJ	3
wonderful	ADJ	3
solicit	VERB	3
gardiner.	PROPN	3
serve	VERB	3
positive	ADJ	3
pen	NOUN	3
unwillingness	NOUN	3
la	PROPN	3
preparation	NOUN	3
skill	NOUN	3
papa	NOUN	3
likeness	NOUN	3
humour	VERB	3
safely	ADV	3
proprietor	NOUN	3
preferment	NOUN	3
turning	NOUN	3
cordially	ADV	3
diversion	NOUN	3
bride	NOUN	3
vouch	VERB	3
walker	NOUN	3
later	ADV	3
dismiss	VERB	3
integrity	NOUN	3
captivate	VERB	3
exact	ADJ	3
rapid	ADJ	3
dearest	NOUN	3
trust	NOUN	3
ticket	NOUN	3
discompose	VERB	3
disgust	NOUN	3
suspend	VERB	3
steadily	ADV	3
bid	VERB	3
intolerable	ADJ	3
northern	ADJ	3
dirty	ADJ	3
calling	NOUN	3
originate	VERB	3
opposition	NOUN	3
restore	VERB	3
accidental	ADJ	3
comparatively	ADV	3
call	NOUN	3
dispute	NOUN	3
unfortunately	ADV	3
silently	ADV	3
inflict	VERB	3
rain	NOUN	3
housemaid	NOUN	3
ordinary	ADJ	3
objectionable	ADJ	3
remembrance	NOUN	3
easiness	NOUN	3
jump	VERB	3
parsonage	PROPN	3
single	VERB	3
affectation	NOUN	3
settlement	NOUN	3
dignified	ADJ	3
affected	ADJ	3
colonel	NOUN	3
haughty	ADJ	3
portion	NOUN	3
frightened	ADJ	3
continuance	NOUN	3
unhappily	ADV	3
annesley	PROPN	3
noisy	ADJ	3
shade	NOUN	3
inevitable	ADJ	3
educate	VERB	3
existence	NOUN	3
inconsistency	NOUN	3
wine	NOUN	3
robinson	PROPN	3
negative	ADJ	3
consist	VERB	3
station	VERB	3
mix	VERB	3
unreserved	ADJ	3
deign	VERB	3
seven	NUM	3
due	NOUN	3
lottery	NOUN	3
grief	NOUN	3
summons	NOUN	3
acquire	VERB	3
inhabitant	NOUN	3
insupportable	ADJ	3
direct	ADJ	3
mischief	NOUN	3
cruelly	ADV	3
tumult	NOUN	3
caution	NOUN	3
officious	ADJ	3
judge	NOUN	3
disguise	NOUN	3
composedly	ADV	3
mercenary	ADJ	3
meanly	ADV	3
dissatisfied	ADJ	3
adapt	VERB	3
tenderness	NOUN	3
consistent	ADJ	3
guardianship	NOUN	3
for	CONJ	3
north	NOUN	3
worthy	ADJ	3
avowal	NOUN	3
politely	ADV	3
wide	ADJ	3
serenity	NOUN	3
performer	NOUN	3
hot	ADJ	3
temper	VERB	3
reprehensible	ADJ	3
contrast	NOUN	3
faulty	ADJ	3
plead	VERB	3
punctually	ADV	3
red	ADJ	3
jealous	ADJ	3
gloom	NOUN	3
detect	VERB	3
dearly	ADV	3
hand	VERB	3
contract	VERB	3
afternoon	NOUN	3
thorough	ADJ	3
noise	NOUN	3
tomorrow	NOUN	3
admirable	ADJ	3
intrusion	NOUN	3
bridge	NOUN	3
paddock	NOUN	3
prodigiously	ADV	3
irritation	NOUN	3
postscript	NOUN	3
acquainted	ADJ	3
pitiable	ADJ	3
ascertain	VERB	3
inferiority	NOUN	3
considerably	ADV	3
besides	ADV	3
per	ADP	3
dejection	NOUN	3
date	VERB	3
looking	ADJ	3
breach	NOUN	3
hospitality	NOUN	3
testify	VERB	3
detest	VERB	3
violence	NOUN	3
material	NOUN	3
miniature	NOUN	3
interest	VERB	3
page	NOUN	3
incumbent	ADJ	3
camp	NOUN	3
envelope	NOUN	3
fill	VERB	3
absurdity	NOUN	3
repetition	NOUN	3
busily	ADV	3
attract	VERB	3
incredulous	ADJ	3
apparent	ADJ	3
curtsey	NOUN	3
foot	NOUN	3
grievous	ADJ	3
poor	PROPN	3
continual	ADJ	3
secretly	ADV	3
powerful	ADJ	3
easter	PROPN	3
gratefully	ADV	3
suitable	ADJ	3
rude	ADJ	3
view	VERB	3
censure	VERB	3
restrain	VERB	3
fatigue	VERB	3
risk	NOUN	3
court	NOUN	3
faithful	ADJ	3
successful	ADJ	3
ring	VERB	3
flirt	NOUN	3
pony	NOUN	3
unconcern	NOUN	3
writer	NOUN	3
maid	NOUN	3
fret	VERB	3
swell	VERB	3
perseverance	NOUN	3
struggle	NOUN	3
finger	NOUN	3
stretch	VERB	3
presumption	NOUN	3
examination	NOUN	3
aloud	NOUN	3
striking	ADJ	3
publicly	ADV	3
candour	NOUN	3
secondly	ADV	3
competition	NOUN	3
sleep	NOUN	3
err	VERB	3
poultry	NOUN	3
incredible	ADJ	3
peculiarly	ADV	3
north	PROPN	3
reveal	VERB	3
thirty	NUM	3
white	ADJ	3
sisterly	ADJ	3
reader	NOUN	3
plague	VERB	3
adieu	NOUN	3
civilly	ADV	3
narrow	ADJ	3
alliance	NOUN	3
adieu	ADV	3
ridicule	VERB	3
review	NOUN	3
horrid	ADJ	3
lower	ADV	3
conceive	VERB	3
petticoat	NOUN	3
willingly	ADV	3
supply	NOUN	3
genteel	ADJ	3
dictate	VERB	3
gravel	NOUN	3
reputation	NOUN	3
instruct	VERB	3
everybody	NOUN	3
obstinate	ADJ	3
determination	NOUN	3
burst	VERB	3
ceremonious	ADJ	3
contribute	VERB	3
dropt	VERB	3
reward	VERB	3
hesitation	NOUN	3
vanish	VERB	3
stately	ADJ	3
pleasanter	NOUN	3
intreat	VERB	3
eloquent	ADJ	2
sitting	NOUN	2
compatible	ADJ	2
fare	NOUN	2
smart	ADJ	2
mantlepiece	NOUN	2
reluctant	ADJ	2
evenness	NOUN	2
brotherly	ADJ	2
signal	NOUN	2
pair	NOUN	2
proceeding	NOUN	2
front	VERB	2
disposal	NOUN	2
mirth	NOUN	2
mercenary	NOUN	2
march	PROPN	2
trifle	NOUN	2
comfortably	ADV	2
laughter	NOUN	2
effectually	ADV	2
unforgiving	ADJ	2
obstinacy	NOUN	2
papa	PROPN	2
commend	VERB	2
reputed	ADJ	2
custom	NOUN	2
injunction	NOUN	2
walking	NOUN	2
anxiously	ADV	2
need	NOUN	2
disinterested	ADJ	2
manor	NOUN	2
vast	ADJ	2
meditation	NOUN	2
rapidly	ADV	2
edge	VERB	2
january	PROPN	2
scotch	NOUN	2
alive	ADJ	2
retail	VERB	2
creditor	NOUN	2
reside	VERB	2
ancles	NOUN	2
rudeness	NOUN	2
sha	VERB	2
expressively	ADV	2
modern	ADJ	2
intimately	ADV	2
rightly	ADV	2
triumphantly	ADV	2
simper	VERB	2
liking	NOUN	2
disturb	VERB	2
slave	NOUN	2
rely	VERB	2
transaction	NOUN	2
barnet	PROPN	2
christian	PROPN	2
lord	INTJ	2
absent	ADJ	2
range	NOUN	2
miraculous	ADJ	2
bottle	NOUN	2
cheapside	PROPN	2
wet	ADJ	2
startle	VERB	2
brink	NOUN	2
advance	NOUN	2
caution	VERB	2
refreshing	ADJ	2
qualification	NOUN	2
punctuality	NOUN	2
rage	NOUN	2
painfully	ADV	2
sphere	NOUN	2
assent	NOUN	2
rat	VERB	2
displeased	ADJ	2
liable	ADJ	2
loveliness	NOUN	2
handsomer	NOUN	2
accost	VERB	2
peculiarity	NOUN	2
oftener	ADV	2
indignity	NOUN	2
obliging	ADJ	2
ensure	VERB	2
purse	NOUN	2
wretchedness	NOUN	2
hitherto	ADV	2
backgammon	NOUN	2
beloved	ADJ	2
enemy	NOUN	2
bank	NOUN	2
define	VERB	2
disclaim	VERB	2
extract	NOUN	2
unnatural	ADJ	2
brighten	VERB	2
pitiful	ADJ	2
generality	NOUN	2
rival	NOUN	2
arrest	VERB	2
doing	NOUN	2
upper	ADJ	2
through	PART	2
revolt	VERB	2
vent	VERB	2
revenge	NOUN	2
audience	NOUN	2
cool	ADJ	2
demand	NOUN	2
sadly	ADV	2
playfulness	NOUN	2
deceitful	ADJ	2
trunk	NOUN	2
conditionally	ADV	2
winding	NOUN	2
forfeit	VERB	2
mortified	ADJ	2
flattering	ADJ	2
gretna	PROPN	2
varied	ADJ	2
disgusted	ADJ	2
intentionally	ADV	2
unavailing	ADJ	2
attack	VERB	2
tide	NOUN	2
sound	ADJ	2
malice	NOUN	2
attendant	NOUN	2
count	VERB	2
privileged	ADJ	2
ensued	ADV	2
argue	VERB	2
essential	ADJ	2
rule	NOUN	2
sensibility	NOUN	2
treasure	NOUN	2
panegyric	NOUN	2
earl	PROPN	2
behaved	ADJ	2
high	ADV	2
glimpse	NOUN	2
handsomely	ADV	2
disrespect	NOUN	2
retirement	NOUN	2
time	VERB	2
hypocritical	ADJ	2
market	NOUN	2
ingenuity	NOUN	2
infinite	ADJ	2
around	ADP	2
nine	NUM	2
pleasantry	NOUN	2
footing	NOUN	2
edward	PROPN	2
loo	NOUN	2
preservation	NOUN	2
chamber	NOUN	2
breast	NOUN	2
mark	NOUN	2
round	ADJ	2
apparently	ADV	2
edge	NOUN	2
reading	NOUN	2
pledge	VERB	2
hire	VERB	2
invariably	ADV	2
creditable	ADJ	2
sly	ADV	2
doubtless	ADV	2
destroy	VERB	2
soup	NOUN	2
testimony	NOUN	2
ample	ADJ	2
dialogue	NOUN	2
infancy	NOUN	2
slyness	NOUN	2
waste	VERB	2
decisive	ADJ	2
annum	NOUN	2
provision	NOUN	2
earnestness	NOUN	2
undo	VERB	2
pool	NOUN	2
impenetrably	ADV	2
perturbation	NOUN	2
immoveable	ADJ	2
filial	ADJ	2
sleep	VERB	2
strenuously	ADV	2
witness	NOUN	2
blue	ADJ	2
contented	ADJ	2
elizabeth	NOUN	2
breathe	VERB	2
numerous	ADJ	2
vexatious	ADJ	2
thoughtfulness	NOUN	2
repel	VERB	2
john	PROPN	2
doubt	ADV	2
coincide	VERB	2
partake	VERB	2
fretfully	ADV	2
construe	VERB	2
alas	INTJ	2
noon	NOUN	2
confidante	NOUN	2
bathing	NOUN	2
generation	NOUN	2
prey	NOUN	2
clerk	NOUN	2
supposing	NOUN	2
may	PROPN	2
fight	VERB	2
teazing	VERB	2
vague	ADJ	2
importune	VERB	2
thoroughly	ADV	2
conduct	VERB	2
amazing	ADJ	2
horseback	NOUN	2
ensue	VERB	2
veracity	NOUN	2
stairs	ADV	2
coldly	ADV	2
detection	NOUN	2
increase	NOUN	2
hers	NOUN	2
4	NUM	2
theirs	PRON	2
shift	VERB	2
coachman	NOUN	2
relative	ADJ	2
animated	ADJ	2
indignant	ADJ	2
acquiescence	NOUN	2
spoil	VERB	2
publish	VERB	2
trespass	VERB	2
following	ADJ	2
humiliation	NOUN	2
sensibly	ADV	2
interfere	VERB	2
uncertain	ADJ	2
whence	ADP	2
volume	PROPN	2
appeal	VERB	2
independent	ADJ	2
obstacle	NOUN	2
positively	ADV	2
humiliating	ADJ	2
dutifully	ADV	2
licence	NOUN	2
appease	VERB	2
flattered	ADJ	2
qualified	ADJ	2
lot	NOUN	2
tent	NOUN	2
misconduct	NOUN	2
possessor	NOUN	2
good	PROPN	2
prosperous	ADJ	2
bird	NOUN	2
aloof	ADJ	2
govern	VERB	2
repent	VERB	2
feather	NOUN	2
thirdly	ADV	2
bend	VERB	2
violation	NOUN	2
worthless	ADJ	2
resume	VERB	2
additional	ADJ	2
answerable	ADJ	2
triumph	VERB	2
watchfulness	NOUN	2
experience	NOUN	2
dreadfully	ADV	2
developement	NOUN	2
survive	VERB	2
invent	VERB	2
space	NOUN	2
jewel	NOUN	2
ruin	NOUN	2
shyness	NOUN	2
mildness	NOUN	2
anguish	NOUN	2
adhere	VERB	2
canvass	VERB	2
desert	VERB	2
befall	VERB	2
gaily	ADV	2
dread	NOUN	2
militia	PROPN	2
similarity	NOUN	2
unfelt	ADJ	2
incomprehensible	ADJ	2
content	VERB	2
retreat	VERB	2
tradesman	NOUN	2
circulation	NOUN	2
hereafter	ADV	2
crowd	VERB	2
sparkle	VERB	2
charmingly	ADV	2
pale	NOUN	2
model	NOUN	2
joyful	ADJ	2
fastidious	ADJ	2
denote	VERB	2
partly	ADV	2
mama	NOUN	2
milliner	NOUN	2
making	NOUN	2
rob	VERB	2
elevate	VERB	2
avowed	ADJ	2
waver	VERB	2
avail	VERB	2
content	ADJ	2
feverish	ADJ	2
hat	NOUN	2
abominate	VERB	2
convert	VERB	2
intently	ADV	2
bosom	NOUN	2
outstrip	VERB	2
thereby	ADV	2
receipt	NOUN	2
matlock	PROPN	2
lieu	NOUN	2
re	VERB	2
distracted	ADJ	2
prepossession	NOUN	2
general	PROPN	2
atone	VERB	2
second	VERB	2
glory	NOUN	2
sharpen	VERB	2
presently	ADV	2
minded	ADJ	2
liberally	ADV	2
breathless	ADJ	2
heightened	ADJ	2
insincere	ADJ	2
trim	VERB	2
paling	NOUN	2
fairly	ADV	2
individual	NOUN	2
6	NUM	2
involuntarily	ADV	2
hardship	NOUN	2
statement	NOUN	2
utter	ADJ	2
rejection	NOUN	2
thither	ADV	2
apprehend	VERB	2
acquit	VERB	2
fourth	ADJ	2
compassionate	ADJ	2
commencement	NOUN	2
turnpike	NOUN	2
familiarly	ADV	2
termination	NOUN	2
for	PART	2
conjugal	ADJ	2
archly	ADV	2
dear	INTJ	2
brilliancy	NOUN	2
unfit	ADJ	2
discernment	NOUN	2
singular	ADJ	2
exercise	VERB	2
charge	VERB	2
penetration	NOUN	2
authoritative	ADJ	2
mansion	NOUN	2
alarming	ADJ	2
reconciliation	NOUN	2
assent	VERB	2
cross	NOUN	2
innocent	ADJ	2
burn	VERB	2
shape	NOUN	2
perplexity	NOUN	2
cast	VERB	2
distrust	NOUN	2
moderate	ADJ	2
every	ADV	2
shoe	NOUN	2
careless	ADJ	2
protection	NOUN	2
idleness	NOUN	2
haggerston	PROPN	2
forward	PART	2
abusive	ADJ	2
ardently	ADV	2
expedient	NOUN	2
irksome	ADJ	2
hotel	NOUN	2
grosvenor	PROPN	2
hang	VERB	2
box	NOUN	2
gratulation	NOUN	2
unjustifiable	ADJ	2
oddity	NOUN	2
position	NOUN	2
preservative	NOUN	2
group	NOUN	2
merry	ADJ	2
scatter	VERB	2
felt	NOUN	2
moderation	NOUN	2
it	NOUN	2
worth	NOUN	2
smilingly	ADV	2
recur	VERB	2
disinclination	NOUN	2
injury	NOUN	2
regular	NOUN	2
wonderfully	ADV	2
personal	ADJ	2
crown	VERB	2
worldly	ADJ	2
loud	ADJ	2
vivacity	NOUN	2
prior	ADJ	2
obtrude	VERB	2
vulgar	ADJ	2
lesson	NOUN	2
equal	VERB	2
rapturous	ADJ	2
teazed	VERB	2
quarter	VERB	2
intimidate	VERB	2
familiarity	NOUN	2
sacrifice	VERB	2
prone	ADJ	2
stiffness	NOUN	2
genuine	ADJ	2
reference	NOUN	2
kiss	VERB	2
doubtful	ADJ	2
parcel	NOUN	2
sheltered	ADJ	2
unhappiness	NOUN	2
indolence	NOUN	2
alike	ADV	2
pride	PROPN	2
abruptness	NOUN	2
liberality	NOUN	2
sanction	VERB	2
dishonourable	ADJ	2
total	ADJ	2
distrust	VERB	2
perfection	NOUN	2
guidance	NOUN	2
puzzle	VERB	2
concisely	ADV	2
stedfastly	ADV	2
pretence	NOUN	2
expressive	ADJ	2
overflow	VERB	2
yours	ADJ	2
curricle	NOUN	2
shy	ADJ	2
grace	NOUN	2
poverty	NOUN	2
please	INTJ	2
adorn	VERB	2
illness	NOUN	2
vindication	NOUN	2
purport	NOUN	2
farewell	NOUN	2
imitation	NOUN	2
greatness	NOUN	2
fit	ADJ	2
disclose	VERB	2
hauteur	NOUN	2
inattention	NOUN	2
upbraid	VERB	2
woody	NOUN	2
indirect	ADJ	2
cheat	VERB	2
resentfully	ADV	2
blind	VERB	2
staircase	NOUN	2
topic	NOUN	2
abide	VERB	2
exhibit	VERB	2
running	NOUN	2
esteemed	ADJ	2
awed	ADJ	2
loudly	ADV	2
unsuitable	ADJ	2
gardener	NOUN	2
atonement	NOUN	2
ours	PRON	2
concurrence	NOUN	2
estimable	ADJ	2
merit	VERB	2
secret	ADJ	2
exhibition	NOUN	2
daily	ADJ	2
animate	VERB	2
ramble	NOUN	2
tempered	ADJ	2
sport	VERB	2
neatness	NOUN	2
affirmative	ADJ	2
coarseness	NOUN	2
indispose	VERB	2
hurried	ADJ	2
solidity	NOUN	2
class	NOUN	2
irritable	ADJ	2
continued	ADJ	2
substantial	ADJ	2
expense	NOUN	2
qualify	VERB	2
regardless	ADV	2
maternal	ADJ	2
honour	PRON	2
imaginable	ADJ	2
poetry	NOUN	2
bye	INTJ	2
grand	ADJ	2
philipses	PROPN	2
station	NOUN	2
resentful	ADJ	2
paltry	NOUN	2
deep	ADV	2
detach	VERB	2
abruptly	ADV	2
toilette	NOUN	2
ugly	ADJ	2
doings	NOUN	2
knighthood	NOUN	2
strive	VERB	2
affront	NOUN	2
improper	ADJ	2
act	NOUN	2
humanity	NOUN	2
risk	VERB	2
search	NOUN	2
hide	VERB	2
courtship	NOUN	2
tenderly	ADV	2
resignation	NOUN	2
inattentive	ADJ	2
amaze	VERB	2
etiquette	NOUN	2
genius	NOUN	2
overspread	VERB	2
settled	ADJ	2
personage	NOUN	2
incessantly	ADV	2
dear	VERB	2
omit	VERB	2
decency	NOUN	2
olive	NOUN	2
mountain	NOUN	2
triumphant	ADJ	2
offended	ADJ	2
duration	NOUN	2
usage	NOUN	2
inmate	NOUN	2
bold	ADJ	2
draught	NOUN	2
ago	ADP	2
consciousness	NOUN	2
polished	ADJ	2
sign	NOUN	2
street	PROPN	2
school	NOUN	2
wound	NOUN	2
regain	VERB	2
chambermaid	NOUN	2
resistance	NOUN	2
reel	NOUN	2
adventure	NOUN	2
apologize	VERB	2
unaccountable	ADJ	2
pecuniary	ADJ	2
amendment	NOUN	2
finery	NOUN	2
distinguished	ADJ	2
mount	PROPN	2
fretfulness	NOUN	2
undervalue	VERB	2
reason	VERB	2
carelessness	NOUN	2
somehow	ADV	2
price	NOUN	2
duplicity	NOUN	2
expeditiously	ADV	2
overtake	VERB	2
precipitance	NOUN	2
good	INTJ	2
amount	NOUN	2
mama	PROPN	2
stroke	NOUN	2
lucas	NOUN	2
surpass	VERB	2
gloomy	ADJ	2
landlord	NOUN	2
flirtation	NOUN	2
livery	NOUN	2
sharp	ADJ	2
yawn	VERB	2
torment	VERB	2
breath	NOUN	2
elapse	VERB	2
concealment	NOUN	2
wickedness	NOUN	2
unjustly	ADV	2
disengage	VERB	2
intimate	NOUN	2
hearty	ADJ	2
elope	VERB	2
circumspection	NOUN	2
dissuade	VERB	2
preside	VERB	2
conciliate	VERB	2
pratt	PROPN	2
previously	ADV	2
saloon	NOUN	2
cook	NOUN	2
repay	VERB	2
vow	VERB	2
tear	VERB	2
essential	NOUN	2
rally	VERB	2
inspection	NOUN	2
misrepresent	VERB	2
lag	VERB	2
trouble	VERB	2
quiet	VERB	2
harriet	PROPN	2
laughingly	ADV	2
sigh	NOUN	2
report	VERB	2
ramsgate	PROPN	2
playful	ADJ	2
spiritless	ADJ	2
nicholls	PROPN	2
ward	VERB	2
incur	VERB	2
pack	VERB	2
w.	PROPN	2
ingenious	ADJ	2
deliberately	ADV	2
green	PROPN	2
play	NOUN	2
nay	PROPN	2
circulate	VERB	2
sly	ADJ	2
reckon	VERB	2
yourself	NOUN	2
malicious	ADJ	2
apothecary	NOUN	2
ere	ADV	2
michaelmas	PROPN	2
imitate	VERB	2
unfavourable	ADJ	2
thither	DET	2
peevish	ADJ	2
dozen	NOUN	2
commission	VERB	2
excel	VERB	2
endless	ADJ	2
shameful	ADJ	2
grievance	NOUN	2
tiresome	ADJ	2
unsettled	ADJ	2
originally	ADV	2
propensity	NOUN	2
superintend	VERB	2
amply	ADV	2
pure	ADJ	2
parade	NOUN	2
reserved	ADJ	2
indelicacy	NOUN	2
guardian	NOUN	2
admired	ADJ	2
whichever	ADJ	2
regulate	VERB	2
lie	VERB	2
appetite	NOUN	2
whim	NOUN	2
warehouse	NOUN	2
deception	NOUN	2
intricate	ADJ	2
fine	NOUN	2
forgiveness	NOUN	2
guilty	ADJ	2
thereupon	ADV	2
double	ADJ	2
elizabeth	ADV	2
unconcerned	ADJ	2
special	ADJ	2
gouldings	PROPN	2
advantageous	ADJ	2
observer	NOUN	2
2	NUM	2
weigh	VERB	2
exasperate	VERB	2
soul	NOUN	2
fortunately	ADV	2
alleviate	VERB	2
favourably	ADV	2
recognise	VERB	2
injurious	ADJ	2
rain	VERB	2
insult	VERB	2
deficiency	NOUN	2
advantageously	ADV	2
yawn	NOUN	2
explicit	ADJ	2
mod	ADJ	2
sanguine	ADJ	2
slow	ADJ	2
parasol	NOUN	2
narrowly	ADV	2
derision	NOUN	2
&c	PUNCT	2
tranquil	ADJ	2
offensive	ADJ	2
weary	ADJ	2
permit	VERB	2
player	NOUN	2
consign	VERB	2
glass	NOUN	2
cheerfully	ADV	2
dirt	NOUN	2
brother	PROPN	2
courtesy	NOUN	2
undergo	VERB	2
whatever	ADV	2
precious	ADJ	2
desert	NOUN	2
variation	NOUN	2
affinity	NOUN	2
instinctively	ADV	2
tremble	VERB	2
bitterly	ADV	2
fate	NOUN	2
agony	NOUN	2
northward	ADV	2
wretched	PROPN	1
write	NOUN	1
peacemaking	VERB	1
disgusting	ADJ	1
hint	VERB	1
sentinel	NOUN	1
whither	NOUN	1
carpet	NOUN	1
tithe	NOUN	1
lawfully	ADV	1
26	NUM	1
hereabouts	NOUN	1
plate	NOUN	1
gossip	VERB	1
rainy	ADJ	1
upon	PART	1
abuse	NOUN	1
shooting	NOUN	1
revival	NOUN	1
unsuspicious	ADJ	1
sonnet	NOUN	1
accustomed	ADJ	1
permanent	ADJ	1
illustration	NOUN	1
relative	NOUN	1
sha	NOUN	1
far	VERB	1
croud	NOUN	1
date	NOUN	1
ache	VERB	1
both	ADJ	1
graciously	ADV	1
commiseration	NOUN	1
steal	VERB	1
associate	VERB	1
selfishness	NOUN	1
elevated	ADJ	1
unassailed	ADJ	1
60	NUM	1
unprofitable	ADJ	1
thwart	VERB	1
speak	NOUN	1
correct	VERB	1
impudent	ADJ	1
coppice	NOUN	1
depreciate	VERB	1
sour	ADJ	1
cheap	ADJ	1
chuse	PROPN	1
mischance	NOUN	1
pique	VERB	1
ungraciousness	NOUN	1
bashful	ADJ	1
bell	PROPN	1
neighbour	PROPN	1
distractedly	ADV	1
scrape	NOUN	1
kenelworth	PROPN	1
5	NUM	1
yard	NOUN	1
dangerous	ADJ	1
enlarge	VERB	1
ungovernable	ADJ	1
sore	ADJ	1
survive	NOUN	1
sprain	VERB	1
implacable	ADJ	1
amount	VERB	1
clement	PROPN	1
broken	ADJ	1
dwelling	NOUN	1
astonish	NOUN	1
overhearings	NOUN	1
elderly	ADJ	1
double	VERB	1
artful	ADJ	1
net	VERB	1
survey	NOUN	1
sooth	VERB	1
sure	ADV	1
star	NOUN	1
peep	NOUN	1
——shire	ADJ	1
friday	PROPN	1
bet	NOUN	1
dove	PROPN	1
untidy	ADJ	1
insufferable	ADJ	1
——	ADJ	1
pull	VERB	1
proud	PROPN	1
lobby	NOUN	1
public	NOUN	1
chagrin	NOUN	1
declined	ADJ	1
chimney	NOUN	1
dismission	NOUN	1
recreation	NOUN	1
devoid	VERB	1
hereafter	NOUN	1
subjoin	VERB	1
teazing	PROPN	1
well	NOUN	1
board	NOUN	1
cookery	NOUN	1
allowable	ADJ	1
mingle	VERB	1
boisterously	ADV	1
jestingly	ADV	1
heaven	NOUN	1
beau	NOUN	1
inexpressible	ADJ	1
manoeuvre	NOUN	1
bewitch	VERB	1
boundary	ADJ	1
landing	NOUN	1
neighbouring	ADJ	1
slacken	VERB	1
butler	NOUN	1
gratifying	ADJ	1
top	NOUN	1
wantonly	ADV	1
becomes	NOUN	1
hug	VERB	1
seclude	VERB	1
individually	ADV	1
ultimately	ADV	1
unchanged	ADJ	1
iniquitous	ADJ	1
default	NOUN	1
stone	NOUN	1
affable	ADJ	1
unprepared	ADJ	1
pyramid	NOUN	1
threadbare	ADJ	1
train	NOUN	1
lace	NOUN	1
ridge	NOUN	1
china	NOUN	1
se'nnight	ADV	1
deem	VERB	1
consequent	ADJ	1
chatty	ADJ	1
sixpence	NOUN	1
arrogance	NOUN	1
interpose	VERB	1
ostentatious	ADJ	1
disinterested	VERB	1
habitual	ADJ	1
volubility	NOUN	1
quartered	ADJ	1
great	ADV	1
verdure	NOUN	1
unsuccessfully	ADV	1
digression	NOUN	1
unstudied	VERB	1
right	PROPN	1
due	ADP	1
annoyed	ADJ	1
copy	VERB	1
pin	NOUN	1
forgetfulness	NOUN	1
diffuseness	NOUN	1
successfully	ADV	1
indulgent	ADJ	1
preclude	VERB	1
deter	VERB	1
dale	PROPN	1
fair	NOUN	1
suspence	NOUN	1
amused	ADJ	1
gap	VERB	1
inhumanity	NOUN	1
nominally	ADV	1
title	NOUN	1
kindred	ADJ	1
supplication	NOUN	1
east	PROPN	1
desperation	NOUN	1
uproar	NOUN	1
celebrate	VERB	1
till	PROPN	1
bear	NOUN	1
stage	NOUN	1
october	PROPN	1
september	PROPN	1
cassino	NOUN	1
remedy	NOUN	1
console	PROPN	1
sameness	NOUN	1
rejoicing	NOUN	1
deck	VERB	1
olive	ADJ	1
unalterable	ADJ	1
undertake	VERB	1
store	VERB	1
rose	NOUN	1
anywhere	ADV	1
former	NOUN	1
tacit	ADJ	1
lieutenant	NOUN	1
eclat	NOUN	1
asleep	ADJ	1
disappointing	ADJ	1
stool	NOUN	1
untinctured	ADJ	1
rail	VERB	1
fluttering	NOUN	1
whence	NOUN	1
chin	NOUN	1
nasty	ADJ	1
formation	NOUN	1
enrage	VERB	1
58	NUM	1
graciousness	NOUN	1
astonish	ADJ	1
safety	NOUN	1
deliberate	VERB	1
asperity	NOUN	1
ragout	NOUN	1
chusing	NOUN	1
billiard	NOUN	1
33	NUM	1
physician	NOUN	1
befriend	VERB	1
farthing	VERB	1
nicely	ADV	1
villainous	ADJ	1
spasm	NOUN	1
at	NOUN	1
criticism	NOUN	1
shock	NOUN	1
hypocrisy	NOUN	1
fifth	ADJ	1
crayon	NOUN	1
shoulder	NOUN	1
deportment	NOUN	1
perverse	ADJ	1
contrariety	NOUN	1
penance	NOUN	1
perpetual	ADJ	1
connexion	NOUN	1
stratagem	NOUN	1
clue	NOUN	1
scheme	VERB	1
unworthily	NOUN	1
impartiality	NOUN	1
footman	NOUN	1
mutually	ADV	1
stiffly	ADV	1
precipitate	VERB	1
encamp	VERB	1
witticism	NOUN	1
mortal	ADJ	1
prize	NOUN	1
incessant	ADJ	1
construction	NOUN	1
equipage	NOUN	1
stable	NOUN	1
although	ADP	1
final	ADJ	1
unmarked	ADJ	1
struck	ADJ	1
vulgarity	NOUN	1
lock	VERB	1
converse	NOUN	1
eldest	NOUN	1
dazzle	VERB	1
infatuation	NOUN	1
explore	VERB	1
propitious	ADJ	1
chatsworth	PROPN	1
laity	NOUN	1
vingt	PROPN	1
proclaim	VERB	1
esq	PROPN	1
enough	ADP	1
latterly	ADV	1
strangeness	NOUN	1
verse	NOUN	1
healthy	ADJ	1
unprotected	ADJ	1
discontentedness	NOUN	1
glove	NOUN	1
toward	ADP	1
discernable	ADJ	1
pointed	ADJ	1
executor	NOUN	1
mediocrity	NOUN	1
childhood	NOUN	1
extinguish	VERB	1
hearer	NOUN	1
cake	NOUN	1
thankfulness	NOUN	1
head	VERB	1
negatived	ADJ	1
tis	VERB	1
finis	PROPN	1
whispering	NOUN	1
trait	NOUN	1
bite	VERB	1
corruption	NOUN	1
dupe	NOUN	1
by	ADV	1
cambric	NOUN	1
disputable	ADJ	1
unprincipled	ADJ	1
extreme	NOUN	1
uncertainty	NOUN	1
had	PROPN	1
petition	VERB	1
jot	VERB	1
proficiency	NOUN	1
constitute	VERB	1
separate	ADJ	1
eye	VERB	1
essence	NOUN	1
nearer	NOUN	1
freckled	ADJ	1
privilege	VERB	1
shed	VERB	1
philosophic	ADJ	1
lord	NOUN	1
handkerchief	NOUN	1
birmingham	PROPN	1
thirteen	NUM	1
ceaseless	ADJ	1
foretell	VERB	1
42	NUM	1
legally	ADV	1
sketch	VERB	1
prejudice	VERB	1
unaffectedly	ADJ	1
gladly	ADV	1
sallad	NOUN	1
uppermost	ADJ	1
french	ADJ	1
legacy	NOUN	1
revolve	VERB	1
beneficence	NOUN	1
endurable	NOUN	1
affliction	NOUN	1
patch	VERB	1
closer	ADV	1
transfer	VERB	1
barouche	PROPN	1
ineffectual	ADJ	1
oppress	VERB	1
24	NUM	1
repine	NOUN	1
mindful	ADJ	1
morality	NOUN	1
theatre	NOUN	1
strikingly	ADV	1
blenheim	PROPN	1
artfully	ADV	1
busy	ADJ	1
absent	VERB	1
fingering	NOUN	1
p.	PROPN	1
apace	NOUN	1
avoidance	NOUN	1
petition	NOUN	1
unsocial	ADJ	1
meanness	NOUN	1
theatre	PROPN	1
develope	VERB	1
warrant	NOUN	1
compass	VERB	1
bracelet	NOUN	1
patient	NOUN	1
trembling	NOUN	1
heretofore	ADV	1
trepidation	NOUN	1
lake	NOUN	1
advertise	VERB	1
feelingly	ADV	1
cover	NOUN	1
note	VERB	1
miserly	ADJ	1
mien	NOUN	1
merry	NOUN	1
aspire	VERB	1
disrespectful	ADJ	1
penitent	ADJ	1
office	PROPN	1
overjoy	VERB	1
cambridge	PROPN	1
diminution	NOUN	1
unnaturally	ADV	1
altered	ADJ	1
rite	NOUN	1
fireplace	NOUN	1
plant	NOUN	1
stateliness	NOUN	1
taking	NOUN	1
court	PROPN	1
pitch	VERB	1
scarlet	NOUN	1
sixth	ADJ	1
removed	ADJ	1
wink	NOUN	1
enhance	VERB	1
desertion	NOUN	1
inconceivable	ADJ	1
oppressed	ADJ	1
nectarine	NOUN	1
bingley.	PROPN	1
suited	ADJ	1
pie	NOUN	1
satirical	ADJ	1
neat	ADJ	1
counterbalance	VERB	1
disagreeably	ADV	1
smiling	ADJ	1
niece	PROPN	1
illustrious	ADJ	1
differ	VERB	1
food	NOUN	1
discharge	NOUN	1
boundary	NOUN	1
threaten	VERB	1
undertaking	NOUN	1
giddiness	NOUN	1
calmly	ADV	1
meanwhile	NOUN	1
characteristic	ADJ	1
unwearying	VERB	1
vain	PROPN	1
steadfast	ADJ	1
cloud	VERB	1
miserably	ADV	1
forty	NOUN	1
fish	VERB	1
unshackled	VERB	1
scrupulous	ADJ	1
revolution	NOUN	1
wretched	ADV	1
cradle	NOUN	1
composition	NOUN	1
harbour	VERB	1
impress	VERB	1
lash	NOUN	1
estimate	VERB	1
regularly	ADV	1
rectory	NOUN	1
eligibility	NOUN	1
paler	NOUN	1
persevere	VERB	1
56	NUM	1
green	NOUN	1
compliance	NOUN	1
pollute	VERB	1
appeal	NOUN	1
attic	NOUN	1
race	NOUN	1
incumbrance	NOUN	1
local	ADJ	1
refuge	NOUN	1
honest	ADJ	1
plain	NOUN	1
hazard	VERB	1
upstart	ADJ	1
archbishop	PROPN	1
disquiet	NOUN	1
persevering	NOUN	1
varying	ADJ	1
contradiction	NOUN	1
mostly	ADV	1
course	ADV	1
muffin	NOUN	1
mildly	ADV	1
rush	VERB	1
deaden	VERB	1
bowl	NOUN	1
obligingly	ADV	1
sally	VERB	1
dulness	NOUN	1
softness	NOUN	1
__	PUNCT	1
exhausted	ADJ	1
predict	VERB	1
discover	ADV	1
finance	NOUN	1
netherfield	VERB	1
welcome	NOUN	1
sequel	NOUN	1
april	PROPN	1
obvious	ADJ	1
extort	NOUN	1
simple	ADJ	1
domestic	NOUN	1
unvarying	ADJ	1
bidding	NOUN	1
attitude	NOUN	1
failure	NOUN	1
compromise	VERB	1
meadow	NOUN	1
ma'am	NOUN	1
valid	ADJ	1
bandbox	NOUN	1
steadiness	NOUN	1
tedious	ADJ	1
sigh	VERB	1
teeth	NOUN	1
invariable	ADJ	1
scarcity	NOUN	1
ductility	NOUN	1
sagacity	NOUN	1
naturedly	ADV	1
stoke	PROPN	1
servility	NOUN	1
supersede	VERB	1
leigh	PROPN	1
brook	VERB	1
premeditation	NOUN	1
requester	NOUN	1
indecision	NOUN	1
redress	NOUN	1
indispensably	ADV	1
sight	VERB	1
faithfully	ADV	1
prohibit	VERB	1
pressing	NOUN	1
suggestion	NOUN	1
exaggerate	VERB	1
satin	ADJ	1
edw.	PROPN	1
device	NOUN	1
west	NOUN	1
informality	NOUN	1
misunderstood	ADJ	1
thence	NOUN	1
nothingness	NOUN	1
talking	NOUN	1
scarlet	ADJ	1
irish	ADJ	1
postpone	VERB	1
epithet	NOUN	1
convinced	PROPN	1
charm	VERB	1
mud	NOUN	1
laugh	PROPN	1
beauteous	ADJ	1
mayoralty	NOUN	1
godson	NOUN	1
magnitude	NOUN	1
10	NUM	1
leisurely	ADJ	1
sleepless	ADJ	1
aid	NOUN	1
exclude	VERB	1
bequeath	VERB	1
destructive	ADJ	1
collins	NOUN	1
petrified	ADJ	1
knee	NOUN	1
thread	NOUN	1
project	VERB	1
unavoidably	ADV	1
natured	ADP	1
discreditable	ADJ	1
closely	ADV	1
1	NUM	1
oddly	ADV	1
unabashed	ADJ	1
harmony	NOUN	1
pang	NOUN	1
distribute	VERB	1
witty	ADJ	1
17	NUM	1
just	ADJ	1
fatigued	ADJ	1
circumspect	ADJ	1
missish	PROPN	1
anticipation	NOUN	1
conscientiously	ADV	1
gulf	NOUN	1
larder	NOUN	1
goulding	PROPN	1
diffuse	VERB	1
clamorous	ADJ	1
derange	VERB	1
fluently	ADV	1
immoral	ADJ	1
group'd	ADJ	1
spiteful	ADJ	1
prudential	ADJ	1
storm	NOUN	1
equal	NOUN	1
weighty	ADJ	1
remark	VERB	1
opposite	NOUN	1
curtsey	VERB	1
substitute	VERB	1
shameless	ADJ	1
reverie	NOUN	1
droop	VERB	1
dissatisfy	VERB	1
actuate	VERB	1
detail	VERB	1
bennet	NOUN	1
alienate	VERB	1
magistrate	NOUN	1
vigour	NOUN	1
attain	VERB	1
awful	ADJ	1
mount	VERB	1
dart	VERB	1
tax	NOUN	1
snug	ADJ	1
despicably	ADV	1
liverpool	PROPN	1
singing	NOUN	1
july	PROPN	1
amend	VERB	1
stand	NOUN	1
saying	NOUN	1
21	NUM	1
may	NOUN	1
incumbent	NOUN	1
backwards	ADV	1
well	VERB	1
premise	NOUN	1
scarborough	PROPN	1
casual	ADJ	1
flutter	VERB	1
coquetry	NOUN	1
dictatorial	ADJ	1
face	VERB	1
impolitic	ADJ	1
scope	NOUN	1
hatefully	ADV	1
dark	NOUN	1
insolence	NOUN	1
longer	VERB	1
down	NOUN	1
incensed	ADJ	1
webbs	PROPN	1
grave	NOUN	1
firmly	ADV	1
receiving	NOUN	1
cluster	NOUN	1
54	NUM	1
31	NUM	1
enormity	NOUN	1
inexpressibly	ADV	1
policy	NOUN	1
exclusion	NOUN	1
subsequent	ADJ	1
saucy	ADJ	1
honor	NOUN	1
perceptible	ADJ	1
chance	VERB	1
instability	NOUN	1
invectives	VERB	1
mistress	ADJ	1
bench	NOUN	1
boundless	ADJ	1
fugitive	NOUN	1
disinclined	ADJ	1
separately	ADV	1
token	NOUN	1
smoothly	ADV	1
root	VERB	1
consternation	NOUN	1
refute	VERB	1
fourthly	ADV	1
corroboration	NOUN	1
painter	NOUN	1
augment	VERB	1
inadequate	ADJ	1
denominate	VERB	1
doleful	ADJ	1
disturbed	ADJ	1
exuberance	NOUN	1
consoling	ADJ	1
result	VERB	1
fame	NOUN	1
completion	NOUN	1
stone	PROPN	1
extort	VERB	1
monotonous	ADJ	1
enquiring	NOUN	1
payment	NOUN	1
adequate	ADJ	1
pollution	NOUN	1
characteristic	NOUN	1
disengaged	ADJ	1
rise	NOUN	1
obsequious	ADJ	1
equivocal	ADJ	1
eminent	ADJ	1
gaming	NOUN	1
depress	VERB	1
pack	NOUN	1
pressing	ADJ	1
king	NOUN	1
chesnuts	NOUN	1
pas	NOUN	1
——shire	PROPN	1
unasked	ADV	1
slit	NOUN	1
adept	NOUN	1
fearless	ADJ	1
12	NUM	1
confuse	VERB	1
mature	ADJ	1
mince	NOUN	1
empty	ADJ	1
worked	ADJ	1
laurel	NOUN	1
arrear	NOUN	1
distraction	NOUN	1
temporary	ADJ	1
thither	CONJ	1
negligence	NOUN	1
preface	VERB	1
confederacy	NOUN	1
next	ADP	1
daily	ADV	1
superciliousness	NOUN	1
emergency	NOUN	1
oman	NOUN	1
calico	NOUN	1
remedy	VERB	1
net	ADJ	1
shine	VERB	1
admittance	NOUN	1
fall	NOUN	1
troublesome	ADJ	1
heartfelt	ADJ	1
19	NUM	1
indecorum	NOUN	1
eminence	NOUN	1
clergy	NOUN	1
mess	NOUN	1
harp	NOUN	1
illiberal	ADJ	1
uncompanionable	ADJ	1
consequential	ADJ	1
25	NUM	1
proudly	ADV	1
round	NOUN	1
unison	NOUN	1
quarrel	NOUN	1
bent	NOUN	1
anew	ADV	1
squeamish	ADJ	1
sometime	ADV	1
courteous	ADJ	1
clump	NOUN	1
like	INTJ	1
unmoved	VERB	1
57	NUM	1
honourable	PROPN	1
discontented	ADJ	1
unblemished	ADJ	1
unsubdued	ADJ	1
cram	VERB	1
conciliatory	ADJ	1
superintendance	NOUN	1
reasoning	NOUN	1
extenuating	ADJ	1
15th	ADJ	1
nose	NOUN	1
eccentric	ADJ	1
celebrated	ADJ	1
consolatory	ADJ	1
little	PROPN	1
b.	PROPN	1
dishearten	VERB	1
execute	VERB	1
intruder	NOUN	1
moralize	VERB	1
flow	NOUN	1
cut	VERB	1
absent	NOUN	1
unbecoming	VERB	1
oak	NOUN	1
beneficial	ADJ	1
bribe	VERB	1
abhorrent	ADJ	1
ham	NOUN	1
church	PROPN	1
arrogant	ADJ	1
therein	ADV	1
parading	NOUN	1
frankly	ADV	1
undetermined	ADJ	1
defective	ADJ	1
unabated	ADJ	1
hatfield	PROPN	1
assiduous	ADJ	1
quarrelsome	ADJ	1
prodigious	ADJ	1
gig	NOUN	1
retrospective	ADJ	1
undutiful	ADJ	1
50	NUM	1
skreens	NOUN	1
disturber	NOUN	1
contemptuously	ADV	1
favor	NOUN	1
encroach	VERB	1
gratifying	NOUN	1
prize	VERB	1
admission	NOUN	1
probity	NOUN	1
linger	VERB	1
butcher	NOUN	1
vicinity	NOUN	1
deservedly	ADV	1
controvert	VERB	1
cent	NOUN	1
forgiving	ADJ	1
condole	NOUN	1
survivor	NOUN	1
eager	NOUN	1
damp	ADJ	1
participation	NOUN	1
punch	NOUN	1
forbearing	ADJ	1
taciturn	ADJ	1
shopping	NOUN	1
discontinuance	NOUN	1
kiss	NOUN	1
scarce	ADJ	1
disguise	VERB	1
gaudy	ADJ	1
corner	NOUN	1
cleanse	VERB	1
diffident	NOUN	1
south	PROPN	1
disinterestedness	NOUN	1
millar	PROPN	1
unbending	ADJ	1
faced	ADJ	1
disoblige	VERB	1
steady	PROPN	1
ensigncy	NOUN	1
oxford	PROPN	1
bill	NOUN	1
soothe	VERB	1
refer	VERB	1
angelic	ADJ	1
weep	VERB	1
sportive	ADJ	1
profligacy	NOUN	1
interpretation	NOUN	1
dispel	VERB	1
unfavourably	ADV	1
change	PROPN	1
incautiously	ADV	1
unheard	ADJ	1
insufferably	ADV	1
barbarously	ADV	1
multitude	NOUN	1
exciting	ADJ	1
shrewish	ADJ	1
number	VERB	1
guide	NOUN	1
plenty	NOUN	1
pig	NOUN	1
speculation	NOUN	1
ramble	VERB	1
ear	NOUN	1
15	NUM	1
shew	PROPN	1
blot	NOUN	1
afresh	NOUN	1
charity	NOUN	1
hence	ADV	1
lofty	ADJ	1
sophas	NOUN	1
vogue	NOUN	1
cure	VERB	1
hem	NOUN	1
col	PROPN	1
barefaced	VERB	1
45	NUM	1
apprehensive	ADJ	1
excess	NOUN	1
teazing	ADJ	1
agitating	ADJ	1
44	NUM	1
exceptionable	ADJ	1
shrink	VERB	1
comprehension	NOUN	1
unimportant	ADJ	1
blind	NOUN	1
novel	NOUN	1
overset	VERB	1
near	X	1
59	NUM	1
brittle	ADJ	1
excercise	NOUN	1
regard	PROPN	1
susceptibility	NOUN	1
orderly	ADJ	1
human	NOUN	1
carve	VERB	1
animal	NOUN	1
mingled	ADJ	1
matrimonial	ADJ	1
victim	NOUN	1
romantic	ADJ	1
exchange	VERB	1
outlive	VERB	1
mortifying	NOUN	1
piquet	NOUN	1
mantle	NOUN	1
lane	PROPN	1
aim	VERB	1
avarice	NOUN	1
confinement	NOUN	1
occupation	NOUN	1
bewitching	ADJ	1
spacious	ADJ	1
discrimination	NOUN	1
jilt	VERB	1
wisdom	NOUN	1
coherent	ADJ	1
threat	NOUN	1
prejudiced	ADJ	1
iii	PROPN	1
cultivation	NOUN	1
despond	VERB	1
dupe	VERB	1
breakfast	VERB	1
doubly	ADV	1
back	VERB	1
subside	VERB	1
productive	ADJ	1
querulous	ADJ	1
lean	VERB	1
deserving	ADJ	1
requite	VERB	1
dismay	NOUN	1
irritate	VERB	1
test	NOUN	1
mixed	ADJ	1
airing	NOUN	1
postilion	NOUN	1
ten	NOUN	1
duel	NOUN	1
science	NOUN	1
tanned	ADJ	1
sarah	PROPN	1
slightingly	ADV	1
breakfast	PROPN	1
trick	NOUN	1
pope	PROPN	1
stretch	NOUN	1
frailty	NOUN	1
shew	NOUN	1
picture	VERB	1
starve	VERB	1
earth	NOUN	1
impetuous	ADJ	1
irrevocably	ADV	1
forgo	VERB	1
war	PROPN	1
packing	NOUN	1
finish	NOUN	1
inevitably	ADV	1
needlessly	ADV	1
sneering	NOUN	1
bind	VERB	1
38	NUM	1
sea	NOUN	1
precipitate	NOUN	1
workbag	NOUN	1
condolence	NOUN	1
eloping	NOUN	1
jumbled	ADJ	1
implicitness	NOUN	1
awkward	ADV	1
extraction	NOUN	1
cottager	NOUN	1
enforce	VERB	1
closet	NOUN	1
fidgety	ADJ	1
annex	VERB	1
shortness	NOUN	1
comer	NOUN	1
peach	NOUN	1
harshly	ADV	1
stagger	VERB	1
gay	ADJ	1
lasting	ADJ	1
horrible	ADJ	1
powder	VERB	1
cheer	VERB	1
benevolent	ADJ	1
haunch	NOUN	1
inconstancy	NOUN	1
tackle	NOUN	1
kindle	VERB	1
heiress	NOUN	1
heinous	ADJ	1
apt	ADJ	1
newly	ADV	1
expressly	ADV	1
painting	NOUN	1
spanish	ADJ	1
flog	VERB	1
splendor	NOUN	1
chamberlayne	PROPN	1
cogent	ADJ	1
imputed	ADJ	1
coarse	ADJ	1
pen	PROPN	1
elevation	NOUN	1
eclipse	VERB	1
drop	NOUN	1
bare	NOUN	1
justification	NOUN	1
enumeration	NOUN	1
brow	NOUN	1
captivating	ADJ	1
speaker	NOUN	1
creditably	ADV	1
drily	ADV	1
successor	NOUN	1
hearten	VERB	1
unaware	ADJ	1
flown	ADJ	1
plantation	NOUN	1
upstairs	ADV	1
coincidence	NOUN	1
pavement	NOUN	1
constrained	ADJ	1
black	ADJ	1
forlorn	ADJ	1
gayer	NOUN	1
celerity	NOUN	1
rejoin	VERB	1
seduction	NOUN	1
sportsman	NOUN	1
farewell	ADJ	1
courtier	NOUN	1
spirited	ADJ	1
bedroom	NOUN	1
cough	NOUN	1
proficient	ADJ	1
earnest	NOUN	1
se'nnight	VERB	1
shrug	VERB	1
veneration	NOUN	1
profligate	ADJ	1
pride	VERB	1
ill	PROPN	1
dishonesty	NOUN	1
clerical	ADJ	1
depressed	ADJ	1
intreaties	NOUN	1
echo	VERB	1
blameless	ADJ	1
forbore	ADV	1
parental	ADJ	1
meant	ADJ	1
oakham	PROPN	1
blemish	NOUN	1
gift	NOUN	1
hursts	PROPN	1
graceful	ADJ	1
insipidity	NOUN	1
austerity	NOUN	1
murmurs	ADJ	1
undone	NOUN	1
accuracy	NOUN	1
reap	VERB	1
wave	VERB	1
aweful	ADJ	1
troop	NOUN	1
transpire	VERB	1
disregard	VERB	1
observance	NOUN	1
arch	NOUN	1
dying	NOUN	1
incense	VERB	1
junior	NOUN	1
sedate	ADJ	1
adjust	VERB	1
undoubted	ADJ	1
bromley	PROPN	1
wilderness	NOUN	1
watson	PROPN	1
blamelessness	NOUN	1
exigence	NOUN	1
travelling	NOUN	1
drily	NOUN	1
giving	NOUN	1
little	NOUN	1
dependent	ADJ	1
excess	ADJ	1
outrun	VERB	1
untitled	ADJ	1
unalloyed	ADJ	1
rack	VERB	1
half	DET	1
chosen	ADJ	1
happy	ADV	1
39	NUM	1
bequest	NOUN	1
lad	NOUN	1
except	PROPN	1
treasure	VERB	1
49	NUM	1
endear	VERB	1
53	NUM	1
implicit	ADJ	1
transition	NOUN	1
complaisant	ADJ	1
lie	NOUN	1
unsettle	VERB	1
pace	NOUN	1
stability	NOUN	1
off	ADJ	1
wake	VERB	1
8	NUM	1
awake	VERB	1
detest	ADJ	1
demean	VERB	1
nourish	VERB	1
gamester	NOUN	1
frisk	NOUN	1
emphatic	ADJ	1
encouraging	ADJ	1
stress	NOUN	1
16	NUM	1
profuse	ADJ	1
haunt	NOUN	1
conjunction	NOUN	1
cool	VERB	1
intermarriage	NOUN	1
abundant	ADJ	1
36	NUM	1
blowsy	ADV	1
augmented	ADJ	1
weary	VERB	1
ingratitude	NOUN	1
unnecessarily	ADV	1
grain	NOUN	1
on	PROPN	1
delicious	ADJ	1
operate	VERB	1
trying	ADJ	1
friendless	NOUN	1
disarm	VERB	1
scale	NOUN	1
dark	ADJ	1
glow	VERB	1
imperfectly	ADV	1
obstinate	PROPN	1
scrutiny	NOUN	1
unacknowledged	ADJ	1
await	VERB	1
hearth	NOUN	1
unappeasable	ADJ	1
30	NUM	1
louder	ADV	1
compensation	NOUN	1
rapturously	ADV	1
unpleasing	VERB	1
appertain	VERB	1
congenial	ADJ	1
subjection	NOUN	1
detail	NOUN	1
tis	ADV	1
pausing	NOUN	1
palliation	NOUN	1
discontent	VERB	1
canvas	NOUN	1
sympathise	VERB	1
hackneyed	ADJ	1
47	NUM	1
unseldom	ADJ	1
glory	VERB	1
reverse	NOUN	1
unwell	ADJ	1
glen	NOUN	1
luckless	ADJ	1
seasonable	ADJ	1
invention	NOUN	1
whose	VERB	1
fighting	NOUN	1
grape	NOUN	1
behaviour	ADP	1
nearer	ADV	1
abatement	NOUN	1
fervent	ADJ	1
regulation	NOUN	1
cautiousness	NOUN	1
throat	NOUN	1
strictly	ADV	1
a-	X	1
kitchen	NOUN	1
bennet.	PROPN	1
outdo	VERB	1
overture	NOUN	1
commonest	NOUN	1
ambition	NOUN	1
stamp	NOUN	1
westerham	PROPN	1
calm	NOUN	1
unwell	ADV	1
victory	NOUN	1
dissemble	VERB	1
tire	NOUN	1
heedless	NOUN	1
ramsgate	VERB	1
who	VERB	1
rapacity	NOUN	1
woe	NOUN	1
great	PROPN	1
porridge	NOUN	1
characterize	VERB	1
prepossess	VERB	1
advantage	VERB	1
repulse	VERB	1
appear	NOUN	1
impressed	ADJ	1
engaged	PROPN	1
pathetic	ADJ	1
bottom	NOUN	1
oftener	NOUN	1
addendum	PROPN	1
withstand	VERB	1
degenerate	VERB	1
close	ADV	1
pedantic	ADJ	1
unquestionably	ADV	1
43	NUM	1
removed	PROPN	1
52	NUM	1
rattle	NOUN	1
perforce	ADV	1
exquisite	ADJ	1
simply	ADV	1
dirty	NOUN	1
occupied	PROPN	1
front	ADJ	1
narrative	NOUN	1
healthful	ADJ	1
picturesque	ADJ	1
growth	NOUN	1
tribute	NOUN	1
everyone	NOUN	1
stem	VERB	1
ancient	ADJ	1
unaffectedly	ADV	1
battle	VERB	1
wave	NOUN	1
stroll	NOUN	1
relish	VERB	1
loser	NOUN	1
remember	PROPN	1
weaken	VERB	1
puddle	NOUN	1
wo	VERB	1
assiduously	ADV	1
whither	ADV	1
dissipation	NOUN	1
confidently	ADV	1
amiss	ADJ	1
ate	ADJ	1
minute	ADJ	1
unexampled	ADJ	1
assured	ADJ	1
achieve	VERB	1
avow	VERB	1
accurate	ADJ	1
proportioned	ADJ	1
cherished	ADJ	1
research	NOUN	1
bewildered	ADJ	1
impressive	ADJ	1
revert	VERB	1
sally	PROPN	1
stoutly	ADV	1
invalid	ADJ	1
gay	NOUN	1
staying	NOUN	1
solicitation	NOUN	1
unembarrassed	ADJ	1
avenue	NOUN	1
stubbornness	NOUN	1
conscientious	ADJ	1
peak	PROPN	1
fulfil	VERB	1
restless	ADJ	1
9	NUM	1
annual	ADJ	1
concise	ADJ	1
alight	VERB	1
ii	PROPN	1
grantley	PROPN	1
angrily	ADV	1
explicitly	ADV	1
prettyish	ADJ	1
fordyce	PROPN	1
11	NUM	1
popularity	NOUN	1
faculty	NOUN	1
howsoever	PROPN	1
campful	NOUN	1
revenge	VERB	1
exception	NOUN	1
term	VERB	1
adorned	ADJ	1
stuffy	ADJ	1
28	NUM	1
womanly	ADV	1
counterpart	NOUN	1
m.	PROPN	1
hearted	ADJ	1
concerto	NOUN	1
unintelligible	ADJ	1
coming	NOUN	1
connivance	NOUN	1
watch	NOUN	1
cow	NOUN	1
storm	VERB	1
criticise	VERB	1
unshaken	ADJ	1
prognostic	NOUN	1
until	ADP	1
god	NOUN	1
light	VERB	1
forgive	ADJ	1
prompt	VERB	1
efficacy	NOUN	1
appoint	VERB	1
disservice	NOUN	1
suddenness	NOUN	1
solace	NOUN	1
monthly	ADJ	1
laudable	ADJ	1
rencontre	NOUN	1
hack	NOUN	1
purvis	PROPN	1
blameable	ADJ	1
resource	NOUN	1
vouchsafe	VERB	1
audible	ADJ	1
inexhaustible	ADJ	1
contrariwise	NOUN	1
covies	NOUN	1
gentlewoman	NOUN	1
ill	NOUN	1
total	NOUN	1
repentance	NOUN	1
musical	ADJ	1
dose	NOUN	1
creative	ADJ	1
18th	NOUN	1
marked	ADJ	1
implacability	NOUN	1
instead	PROPN	1
male	ADJ	1
convey	NOUN	1
pointedly	ADV	1
below	ADP	1
effectually	NOUN	1
insipid	ADJ	1
utterly	ADV	1
scorn	VERB	1
pant	VERB	1
stout	NOUN	1
unembarrassed	VERB	1
correct	ADJ	1
grasp	VERB	1
ill	NUM	1
55	NUM	1
evade	VERB	1
adoration	NOUN	1
brown	ADJ	1
apparel	NOUN	1
nod	NOUN	1
entitled	ADJ	1
recede	VERB	1
sept.	PROPN	1
e.	PROPN	1
impunity	NOUN	1
proverb	NOUN	1
29	NUM	1
duck	NOUN	1
61	NUM	1
unreserve	NOUN	1
disbelieve	VERB	1
backward	ADJ	1
slop	VERB	1
abrupt	ADJ	1
neighbour	VERB	1
social	ADJ	1
fidget	VERB	1
officiousness	NOUN	1
fold	VERB	1
contrast	VERB	1
diffuse	NOUN	1
joint	NOUN	1
oppressively	ADV	1
chicken	NOUN	1
studious	ADJ	1
reality	NOUN	1
definition	NOUN	1
22	NUM	1
ecstacy	NOUN	1
inure	VERB	1
tend	VERB	1
overspread	ADP	1
curtain	NOUN	1
ill	VERB	1
gracefully	ADV	1
repugnant	ADJ	1
rectitude	NOUN	1
indiscreet	ADJ	1
disclosure	NOUN	1
commendable	ADJ	1
indelicate	ADJ	1
fit	NOUN	1
few	VERB	1
release	NOUN	1
ordain	VERB	1
about	PART	1
&c	X	1
roast	VERB	1
sinking	NOUN	1
search	VERB	1
popular	ADJ	1
whimsical	ADJ	1
41	NUM	1
partridge	NOUN	1
shilling	NOUN	1
best	VERB	1
intimation	NOUN	1
negligent	ADJ	1
university	NOUN	1
faintly	ADV	1
llzzy	PROPN	1
3	NUM	1
legal	ADJ	1
unkindness	ADJ	1
port	NOUN	1
lend	VERB	1
insinuate	VERB	1
pressingly	ADJ	1
respective	ADJ	1
embargo	NOUN	1
impassable	ADJ	1
ante	NOUN	1
obsequiousness	NOUN	1
earthly	ADJ	1
british	ADJ	1
dressed	ADJ	1
vicious	ADJ	1
blast	VERB	1
palatable	ADJ	1
barbarous	ADJ	1
vent	NOUN	1
degradation	NOUN	1
unusual	ADJ	1
petulance	NOUN	1
process	NOUN	1
intrepidity	NOUN	1
errand	NOUN	1
emphatically	ADV	1
transient	ADJ	1
courier	PROPN	1
supercilious	ADJ	1
duchess	NOUN	1
spurn	VERB	1
intrigue	NOUN	1
harden	VERB	1
void	ADJ	1
46	NUM	1
firmness	NOUN	1
forbidding	ADJ	1
emphasis	NOUN	1
equivalent	ADJ	1
nettle	VERB	1
steadfastly	ADV	1
ache	NOUN	1
heartedness	NOUN	1
amid	ADP	1
dimension	NOUN	1
being	NOUN	1
august	PROPN	1
blacken	VERB	1
disagreement	NOUN	1
sooner	ADJ	1
violate	VERB	1
lurk	VERB	1
stricture	NOUN	1
wind	NOUN	1
23	NUM	1
heir	NOUN	1
elevating	ADJ	1
beside	ADP	1
luncheon	NOUN	1
guinea	NOUN	1
wrong	ADV	1
refinement	NOUN	1
resolve	NOUN	1
ashworth	PROPN	1
awake	NOUN	1
level	VERB	1
balm	NOUN	1
authorize	VERB	1
survey	VERB	1
soldier	NOUN	1
cup	NOUN	1
archness	NOUN	1
sell	VERB	1
flat	ADJ	1
pile	VERB	1
14	NUM	1
uncontrolled	ADJ	1
vol.	PROPN	1
destitute	ADJ	1
admiring	NOUN	1
cheering	NOUN	1
foxhound	NOUN	1
venison	NOUN	1
newspaper	NOUN	1
grandfather	NOUN	1
repulsive	ADJ	1
beating	NOUN	1
learnt	NOUN	1
cucumber	NOUN	1
right	INTJ	1
i.	PROPN	1
lustre	NOUN	1
bare	ADJ	1
gaze	NOUN	1
overpowering	ADJ	1
fellow	ADJ	1
detached	ADJ	1
missent	NOUN	1
discredit	NOUN	1
hope	PROPN	1
languor	NOUN	1
his	PRON	1
boulanger	PROPN	1
darling	NOUN	1
seniority	NOUN	1
richard	PROPN	1
sketch	NOUN	1
labour	VERB	1
basis	NOUN	1
britain	PROPN	1
sustain	VERB	1
dependant	NOUN	1
forwards	ADV	1
ablution	NOUN	1
ordination	NOUN	1
tractable	ADJ	1
household	NOUN	1
34	NUM	1
rightful	ADJ	1
retaliate	VERB	1
captivation	NOUN	1
candid	ADJ	1
combat	VERB	1
artificial	ADJ	1
unfrequently	ADV	1
calculation	NOUN	1
unacquainted	ADJ	1
countenance	VERB	1
smirks	ADJ	1
elude	VERB	1
seminary	NOUN	1
7	NUM	1
proxy	NOUN	1
undeceive	ADJ	1
sneer	NOUN	1
profit	VERB	1
commonly	ADV	1
finer	NOUN	1
irreligious	ADJ	1
retort	VERB	1
dilatory	ADJ	1
involuntary	ADJ	1
reasonableness	NOUN	1
heal	VERB	1
dishonest	ADJ	1
communicativeness	NOUN	1
sudden	ADV	1
despised	ADJ	1
inflexibly	ADV	1
repugnance	NOUN	1
driven	ADJ	1
solace	VERB	1
pleasantest	NOUN	1
uglier	NOUN	1
proportionate	ADJ	1
blow	NOUN	1
wisher	NOUN	1
inconsiderable	ADJ	1
fender	NOUN	1
sixteen	ADJ	1
swallow	VERB	1
bustle	NOUN	1
accustom	VERB	1
second	PROPN	1
advancement	NOUN	1
coax	VERB	1
manager	NOUN	1
unattended	ADJ	1
irretrievable	ADJ	1
cap	NOUN	1
ruining	NOUN	1
irreproachable	ADJ	1
antagonist	NOUN	1
overbearing	ADJ	1
unavoidable	ADJ	1
disapprove	NOUN	1
fervently	ADV	1
henceforth	ADV	1
neglect	PROPN	1
defection	NOUN	1
prompt	ADJ	1
abouts	NOUN	1
sleeve	NOUN	1
acrimony	NOUN	1
altered	ADP	1
third	NOUN	1
faultless	ADJ	1
despicable	ADJ	1
economically	ADV	1
respectful	ADJ	1
italian	ADJ	1
puzzled	ADJ	1
supposed	ADJ	1
rock	NOUN	1
superlatively	ADV	1
insignificant	ADJ	1
licentiousness	NOUN	1
endeavoured	ADJ	1
predominate	VERB	1
designedly	ADV	1
perturbed	ADJ	1
connubial	NOUN	1
undeserved	ADJ	1
exstacy	NOUN	1
irregularity	NOUN	1
posterity	NOUN	1
exuberant	ADJ	1
nursing	NOUN	1
crush	VERB	1
informed	ADJ	1
exultation	NOUN	1
wearisome	ADJ	1
scorn	NOUN	1
mischievously	ADV	1
inference	NOUN	1
presuming	ADJ	1
cunning	NOUN	1
solid	ADJ	1
lastly	ADV	1
seclusion	NOUN	1
spokesman	NOUN	1
rebuke	NOUN	1
nearness	NOUN	1
scamper	VERB	1
perseveringly	ADV	1
precision	NOUN	1
stumble	VERB	1
uselessly	ADJ	1
gone	ADJ	1
man	INTJ	1
energetic	ADJ	1
laconic	ADJ	1
effectual	ADJ	1
spar	NOUN	1
communicative	ADJ	1
innocence	NOUN	1
unequally	ADV	1
untamed	ADJ	1
healthfulness	NOUN	1
needlework	NOUN	1
afflict	VERB	1
successively	ADV	1
acquiesce	VERB	1
studier	NOUN	1
13	NUM	1
shelf	NOUN	1
diversify	VERB	1
intervene	VERB	1
undiminished	ADJ	1
dropt	NOUN	1
sharer	NOUN	1
godfather	NOUN	1
master	VERB	1
bridegroom	NOUN	1
hermitage	NOUN	1
strict	ADJ	1
hedge	NOUN	1
assistant	NOUN	1
alternate	ADJ	1
instantaneous	ADJ	1
favorite	NOUN	1
come	NOUN	1
bath	PROPN	1
tenor	NOUN	1
dearest	PROPN	1
envy	NOUN	1
sharing	NOUN	1
exposure	NOUN	1
philosopher	NOUN	1
remains	NOUN	1
parishioner	NOUN	1
sound	VERB	1
pliancy	NOUN	1
exceed	PROPN	1
broad	ADJ	1
foul	ADJ	1
inferior	ADV	1
trout	NOUN	1
untouched	ADJ	1
ti	NOUN	1
barely	ADV	1
morris	PROPN	1
corroborate	VERB	1
unanswerable	ADJ	1
inoffensive	ADJ	1
depravity	NOUN	1
manifold	NOUN	1
32	NUM	1
collins.	PROPN	1
fasten	VERB	1
sorely	ADV	1
sized	ADJ	1
condescendingly	ADV	1
boldly	ADV	1
unallied	ADJ	1
innocently	ADV	1
memoir	PROPN	1
darcy.	PROPN	1
cross	ADJ	1
allay	VERB	1
frost	NOUN	1
symmetry	NOUN	1
trace	NOUN	1
bounty	NOUN	1
watchful	ADJ	1
silly	ADV	1
emptiness	NOUN	1
strangely	ADV	1
mr.	ADJ	1
fidget	NOUN	1
impel	VERB	1
sick	NOUN	1
retrospection	NOUN	1
misrepresentation	NOUN	1
advanced	ADJ	1
dilatory	NOUN	1
warwick	PROPN	1
bury	VERB	1
bourne	PROPN	1
indolent	ADJ	1
valueless	ADJ	1
exaggeration	NOUN	1
motives	VERB	1
succession	NOUN	1
limit	NOUN	1
mismanagement	NOUN	1
expostulation	NOUN	1
constitution	NOUN	1
requisite	ADJ	1
fashionable	ADJ	1
unrestrained	ADJ	1
crouded	VERB	1
fat	ADJ	1
bewail	VERB	1
haye	PROPN	1
critical	ADJ	1
rattle	VERB	1
overspread	ADV	1
minuteness	NOUN	1
irremediable	ADJ	1
impart	VERB	1
metcalfe	PROPN	1
generously	ADV	1
project	NOUN	1
rescue	VERB	1
eleven	NUM	1
gratification	NOUN	1
synonimously	ADV	1
fortitude	NOUN	1
february	PROPN	1
torture	VERB	1
remonstrance	NOUN	1
sash	NOUN	1
verily	ADV	1
surmount	VERB	1
joke	VERB	1
35	NUM	1
sufferer	NOUN	1
shield	VERB	1
missent	ADJ	1
paint	VERB	1
import	VERB	1
run	NOUN	1
clarke	PROPN	1
joyfully	ADV	1
folio	NOUN	1
dawdle	VERB	1
further	ADV	1
discredit	VERB	1
city	NOUN	1
grievously	ADV	1
puff	VERB	1
profusion	NOUN	1
eloquence	NOUN	1
screen	NOUN	1
flaming	ADJ	1
repining	NOUN	1
duet	NOUN	1
steady	VERB	1
industriously	ADV	1
wretchedly	ADV	1
dependant	ADJ	1
gardiner	NOUN	1
consistency	NOUN	1
curiosities	VERB	1
sideboard	NOUN	1
confidential	ADJ	1
mystery	NOUN	1
condole	VERB	1
investigation	NOUN	1
ardent	ADJ	1
hesitating	ADJ	1
stopt	VERB	1
woods	PROPN	1
falsely	ADV	1
thankfully	ADV	1
disturbance	NOUN	1
unreasonably	ADV	1
conditional	ADJ	1
altar	NOUN	1
stop	NOUN	1
acquisition	NOUN	1
lowness	NOUN	1
hunt	VERB	1
un	PROPN	1
impurity	NOUN	1
bass	NOUN	1
sedateness	NOUN	1
undecided	ADJ	1
dissolve	VERB	1
spur	NOUN	1
kympton	PROPN	1
conception	NOUN	1
chaperon	VERB	1
impertinent	VERB	1
satisfactory	NOUN	1
glaze	VERB	1
27	NUM	1
superiority	NOUN	1
second	ADV	1
imperfection	NOUN	1
forsters	PROPN	1
easy	ADV	1
provoked	ADJ	1
masterly	ADJ	1
decision	NOUN	1
talker	NOUN	1
uniformity	NOUN	1
gallant	ADJ	1
obeisance	NOUN	1
york	PROPN	1
lightness	NOUN	1
dispirited	ADJ	1
20	NUM	1
commerce	PROPN	1
mamma	PROPN	1
closure	NOUN	1
teaze	ADJ	1
bribery	NOUN	1
detestable	VERB	1
further	ADJ	1
tax	VERB	1
say	PRON	1
member	NOUN	1
tranquilly	ADV	1
mankind	NOUN	1
clock	NOUN	1
land	NOUN	1
mortal	NOUN	1
fuss	NOUN	1
doubtingly	ADV	1
resound	VERB	1
constancy	NOUN	1
expedite	VERB	1
colouring	NOUN	1
resolute	ADJ	1
stocking	NOUN	1
headache	NOUN	1
26th	NOUN	1
48	NUM	1
premeditated	ADJ	1
harringtons	PROPN	1
hatred	NOUN	1
vigorously	ADV	1
rashness	NOUN	1
hush	VERB	1
volatility	NOUN	1
monosyllable	NOUN	1
stout	ADJ	1
remainder	NOUN	1
worthlessness	NOUN	1
rough	ADJ	1
savage	NOUN	1
twice	ADJ	1
variance	NOUN	1
prudently	ADV	1
christening	NOUN	1
recommence	VERB	1
decamping	NOUN	1
times	PROPN	1
vacancy	NOUN	1
relinquish	VERB	1
dispense	VERB	1
congratulatory	ADJ	1
ate	NOUN	1
honour	ADJ	1
illiterate	ADJ	1
vehemence	NOUN	1
motion	NOUN	1
loose	ADJ	1
accounting	NOUN	1
peruse	VERB	1
brevity	NOUN	1
elate	VERB	1
fonder	NOUN	1
——	PROPN	1
tremble	ADJ	1
pretended	ADJ	1
repinings	NOUN	1
plentiful	ADJ	1
design	PROPN	1
deduce	VERB	1
straw	NOUN	1
curtail	VERB	1
18	NUM	1
shorten	VERB	1
doorway	NOUN	1
allurement	NOUN	1
behind	NOUN	1
unknowingly	ADV	1
dictate	NOUN	1
capacity	NOUN	1
repose	NOUN	1
caper	NOUN	1
precisely	ADV	1
40	NUM	1
bakewell	PROPN	1
dovedale	PROPN	1
atone	NOUN	1
challenge	NOUN	1
unpretending	ADJ	1
dawson	PROPN	1
military	ADJ	1
intended	ADJ	1
fluctuate	VERB	1
sufficiency	NOUN	1
satin	NOUN	1
blow	VERB	1
indefinite	ADJ	1
what's	PROPN	1
wicked	ADJ	1
indicate	VERB	1
skreen	NOUN	1
rule	VERB	1
teaze	VERB	1
revere	VERB	1
speed	NOUN	1
environs	NOUN	1
forwarder	NOUN	1
awake	ADJ	1
sign	VERB	1
reluctance	NOUN	1
conversible	ADJ	1
sarcastic	ADJ	1
institute	VERB	1
adieu	PROPN	1
circuit	NOUN	1
proving	NOUN	1
replete	ADJ	1
mild	ADJ	1
daring	ADJ	1
suspicious	ADJ	1
realize	VERB	1
maiden	ADJ	1
inch	NOUN	1
diligence	NOUN	1
37	NUM	1
cause	VERB	1
vastly	ADV	1
spleen	NOUN	1
comfortless	NOUN	1
51	NUM	1
mechanically	ADV	1
thoughtful	ADJ	1
frame	NOUN	1
predominance	NOUN	1
correspond	VERB	1
abound	VERB	1
custody	NOUN	1
unpleasantly	ADV	1
terrific	ADJ	1
severity	NOUN	1
1870	NUM	1
intermediate	ADJ	1
super	ADV	1
remorse	NOUN	1
unqualified	ADJ	1
lease	NOUN	1
satisfactorily	ADV	1
explanatory	ADJ	1
foster	PROPN	1
appointment	NOUN	1
culprit	NOUN	1
hertfordshire	ADJ	1
gradual	ADJ	1
ostentation	NOUN	1
watering	NOUN	1
rant	VERB	1
serviceable	ADJ	1
stanza	NOUN	1
provocation	NOUN	1
rejoiced	ADJ	1
ancle	NOUN	1
seeming	NOUN	1
uniform	ADJ	1
cessation	NOUN	1
savour	VERB	1
indistinctly	ADV	1
sanction	NOUN	1
hysteric	NOUN	1
felicitation	NOUN	1
bound	NOUN	1
ensign	NOUN	1
quantity	NOUN	1
richly	ADV	1
infliction	NOUN	1
apologise	NOUN	1
